8.660491265621354e-05,-4.838853695549714e-06
8.662728313708322e-05,-4.838972186399163e-06
8.666184552969025e-05,-4.839241747124943e-06
0.00018057510361714493,-4.4055782481768745e-06
0.00032953491839925886,-4.449224878717106e-06
0.0004721075807077438,-4.829628417504262e-06
0.0006110183429661921,-5.09216649397499e-06
0.000747269789427057,-5.546948369743529e-06
0.0008805287448062636,-4.681100726269017e-06
0.0010087643238202262,1.774206685981293e-05
0.0011312200112358142,4.6719966236886574e-05
0.001247160238546993,7.177743227122034e-05
0.001365436561545387,0.00010196291582196369
0.0014725393232217776,0.00016141202573489956
0.0015739866367864843,0.0002724947669934517
0.0016637103448711086,0.00042073156473154075
0.001737571824595183,0.0005857105299444087
0.0017982508597030457,0.0007544267484709639
0.0018365112494730209,0.0009181216742241036
0.0018558239828866654,0.0010907412364996225
0.0018455210710177298,0.0012787552282962345
0.0018055462581365797,0.0014690251745483418
0.001726434994488964,0.0016726303930711568
0.0016094119116800397,0.0018768768209683623
0.0014448532528491718,0.002085153650596335
0.0012267576452607704,0.0022934861841628408
0.0009522161629847058,0.0024954758277785987
0.0006152924295558516,0.002696037720401183
0.0002102086723825327,0.0028804565730003303
-0.00026690637487973497,0.0030561933448566892
-0.0007978343664887235,0.003211454640430805
-0.0013016707512312875,0.0033433286045964545
-0.0017246127010085621,0.0034524403042090986
-0.002070357208091102,0.0035226307969444893
-0.002343814212949811,0.0035651332632229667
-0.002477052647102675,0.003561429481458784
-0.0025437198192354983,0.0035256250343098142
-0.0025573511779733225,0.003460945221687045
-0.0025443230052173737,0.0033759132264844453
-0.0025907443189299687,0.0032820018806669323
-0.0026774490935927726,0.003206416720008068
-0.0027622710999380654,0.0031625879338350337
-0.00281810182707774,0.0031142201139255734
-0.0028411533037681056,0.0030631335446006523
-0.0028563742955728015,0.003013585567942697
-0.002863462244232198,0.002981598807224818
-0.002886149388968562,0.002960883496059646
-0.0029107289196163384,0.0029300610509254655
-0.0029411932097510923,0.0028869005915855813
-0.0029668235221652225,0.002829455119159785
-0.0029975393367525664,0.002758262971541728
-0.0030400508032440866,0.0026770404047168203
-0.003081483337968241,0.0026190775206767066
-0.0031171940471000597,0.002563428450542911
-0.003143760255485641,0.0025047072674328195
-0.0031562103869870904,0.0024457634476769317
-0.0031690370991274,0.0023857151045831517
-0.003213811012817955,0.0023253893161879952
-0.0032395193899034543,0.00223825855442314
-0.003270645106890399,0.0021524336487905027
-0.0033062182487921883,0.0021519984078775677
-0.003337359996736383,0.002174488834830614
-0.0034005762133274605,0.0022622906398759132
-0.0034363865861624745,0.0022923975136612015
-0.003421307835786536,0.002271170527019167
-0.003378291368787932,0.0022037763893629214
-0.003317183595866358,0.0020974468226230966
-0.0032460723262232928,0.0019636825339106223
-0.003178134650598076,0.0017916086920562017
-0.003136554225656419,0.0016062819106758522
-0.003116823434833624,0.0013944462486853609
-0.0031156809208049406,0.0011624922710561539
-0.0031425656200051925,0.0009181144132634564
-0.0031923460316417443,0.0006595471794938638
-0.003287291581349455,0.00039317768885139523
-0.0034137149282583044,0.00012576748960449306
-0.0037100745332162843,-0.00014298709114152715
-0.004124567564280044,-0.00039791414732248545
-0.004578975321086767,-0.0005685697468438528
-0.005074130714553903,-0.0005220115137565868
-0.005511486235332364,-0.00034187665108316564
-0.005857410054887334,-6.190562767192684e-05
-0.006117537242132719,0.0004773861795234281
-0.006298146754525537,0.0011101917479964334
-0.0064401567734815495,0.0018957641009827455
-0.006623760885956346,0.002991679170410096
-0.006846143932895401,0.004164992918730718
-0.007169702097773523,0.005542544073350475
-0.007568369973779422,0.007223453134964496
-0.007988599302026122,0.008977205101454697
-0.008454075515961211,0.010904178130401903
-0.008990737361737127,0.013120266098140905
-0.009542025644696714,0.015404859071378185
-0.010133232004301648,0.017858188236357122
-0.010790483832784319,0.020604758382629536
-0.011454987728165503,0.023423313772649595
-0.012143622402897285,0.02639739436443274
-0.012883855605537372,0.029664935769854784
-0.013668860874251766,0.03322886360647682
-0.014450045501611832,0.0368669988271595
-0.015236153655065187,0.040655900908161124
-0.016051145423702503,0.04474334079671329
-0.01684247202126529,0.04889975209513868
-0.017619847461126704,0.05320563872681899
-0.01840334373061758,0.057817871235204224
-0.019148059120525567,0.062499820004902444
-0.01986379592694882,0.0673444258718579
-0.020557579794599476,0.07249936746192422
-0.021187958101008268,0.07771752552460753
-0.021763549543248113,0.0830927766597063
-0.022290404891030416,0.08879386471164187
-0.022732799678688596,0.09455295358714912
-0.023089918745103976,0.10047154726630356
-0.02335885189611295,0.10669630152304925
-0.023519386269426488,0.11295674911663812
-0.023571674061287302,0.11923458753713673
-0.023508432861602837,0.1253677276116504
-0.02333388365394922,0.13137305837412755
-0.023055095293693994,0.13711436379406178
-0.022688259951117506,0.14292112332967416
-0.022239935717442396,0.14879344277449597
-0.021713110736686823,0.15439809199367815
-0.021085731008650927,0.16007094599938435
-0.02038742135606611,0.16580357418041244
-0.019660360642301304,0.171592048211057
-0.018941727271099613,0.17713196495556013
-0.018178036174058606,0.1827373629212006
-0.017358132933653854,0.18839708784536266
-0.016512965806623023,0.1938373060285538
-0.015630650662592335,0.19934771025021428
-0.014659728173907576,0.20492726954191703
-0.013677682782614935,0.21031555284441292
-0.01266070429763949,0.21578130056209655
-0.011613462353823469,0.2213178761772188
-0.010583648721944554,0.2266879399803334
-0.009529940593715442,0.2321552408100395
-0.008467034476105579,0.23769037256248693
-0.007429740286689873,0.2430920443055807
-0.006388355801813025,0.24860268741581068
-0.005342001830768253,0.2541951534890979
-0.004342933619924022,0.2596742528902881
-0.003348652870422357,0.2652833041985058
-0.002368925991812462,0.27097464280231304
-0.0014496689892940578,0.2765755406705786
-0.0005440211527590317,0.2823268990016163
0.00031525247427456615,0.2881481691567645
0.0011146554696808576,0.29391389762204856
0.0018697642444373698,0.29982966028880276
0.0025697727074703407,0.3058811665636226
0.00320692862006248,0.31199389689553203
0.0037540889603771732,0.3179389125006552
0.004229581930708044,0.32378048826555966
0.00462314096141953,0.329627705042819
0.004841277781179885,0.3348556531033093
0.005000409272438,0.34018482106631504
0.005139991114456866,0.34547791634645936
0.0052539189669480475,0.3507393200150121
0.005353020233954704,0.3560108604889885
0.005428595837557613,0.3614275382928287
0.005478823346685495,0.3667928539288828
0.0055058940259480596,0.37212937355635295
0.005495010282894545,0.3774811244848646
0.005467841412708249,0.3826572187507613
0.005428470602327936,0.38782989070230184
0.005379248932524129,0.3929432730339084
0.005321052464734147,0.3978200476320857
0.005248290404900438,0.4026463534535708
0.005159970165891163,0.4074757766936716
0.005058278715315724,0.41206671626941493
0.004944958006034235,0.416631339069287
0.004824195732834428,0.4211540921926086
0.004702798317686952,0.4254582358222349
0.00458038694118529,0.42970117792693513
0.004456768244978805,0.433877414328399
0.004324988682269543,0.4380526207800311
0.00419709455461229,0.44198204656247375
0.004066496906076937,0.445827807315662
0.003933322160804793,0.44967171527295074
0.0038041520216149766,0.45327130277182504
0.0036784124403487447,0.4567734795018548
0.0035509151321573983,0.46027394716720993
0.0034287991331732955,0.4635301857046938
0.003310310413647905,0.46667389569576
0.00318881837502582,0.4698162090938356
0.0030777188524293837,0.47271665852314526
0.002969241622113663,0.47548469168408963
0.002861680395907673,0.47825766898722033
0.0027613487513510806,0.48078308449489787
0.00266807219879379,0.4831671683921471
0.0025727608171168914,0.4855512222018879
0.002486990952734437,0.4876873572275639
0.002407104817625599,0.48967232001206695
0.0023258427574459175,0.4916484291898069
0.0022540801525666467,0.49338686267337445
0.0021876463680541593,0.4949483894378176
0.0021200705901671594,0.49650797109875605
0.002061148833051516,0.4978271379665495
0.002008705365619888,0.49894943006186826
0.0019596151116175473,0.4998949654834612
0.0019048713501086218,0.5008060732396559
0.0016439191116234492,0.5059839802173792
0.001387639153753117,0.5101770891011552
0.0011758070053911537,0.5134953470343125
0.0010130456273000831,0.5158608607229261
0.0008850095527209723,0.5179731083927628
0.0007963925796177755,0.5200093218930985
0.0007099491260351956,0.520880635597644
0.0006481364930843938,0.521259454218605
0.0007106794314842601,0.5219375384325381
0.0007403447004800553,0.5229258413636004
0.0007436197454992446,0.5240474787730804
0.0007433997342037616,0.5252110523912522
0.0007435635974878543,0.5264327089206396
0.0007870076320102899,0.5275717247908582
0.0008624392378425201,0.5285550673293724
0.0009918056951805931,0.5295152597185898
0.0011383155493577138,0.5304175705780292
0.001289936173520545,0.5312493089860308
0.0014299136956984783,0.5320219707758839
0.0015595718960498754,0.5327240011697246
0.0016785252557399773,0.5333617844013046
0.0017742599950808025,0.5338976780910827
0.0018487023178492678,0.5343445426544425
0.001906545074820474,0.5346861826381073
0.0019532989107109294,0.5349576452756858
0.001979067845387805,0.5350763884874502
0.001976916602355706,0.5351007579811984
0.0019711672391958483,0.5350741292519562
0.0019567813357025663,0.5349944615909066
0.0019454370638482433,0.5351079167087147
0.001938293003440322,0.5353320496587592
0.001922169929492066,0.5359435391466151
0.0019059436214654282,0.5365005695374025
0.0018941954854238719,0.5369647517093078
0.001876935969756069,0.5376646269421146
0.0018583814887162303,0.5385890337063927
0.001844608656969773,0.5394680002247021
0.001831825397032198,0.5405177826502945
0.0018200901222443667,0.5417675116659522
0.001807875481587902,0.5430195873709056
0.0017933785144324257,0.5443889763723441
0.0017768245804150454,0.5459732792544794
0.0017568998132395566,0.5478070918959618
0.001735186718708548,0.5497170490161931
0.0017151018752421465,0.5517685596159495
0.0016992221406396362,0.5540221622460321
0.0016885227477951492,0.5563299480593407
0.0016817726570284009,0.5588196302305567
0.001677108928438128,0.5615264681586188
0.0016710798601943103,0.5642151028284328
0.0016591491730601137,0.5670171788925644
0.0016422447882012351,0.5700857779433814
0.0016219264105533137,0.5731510998120993
0.0016054175252874707,0.5763144998091136
0.0015948934843024428,0.5797040614882873
0.0015888459820961043,0.583097186460581
0.0015827870810120252,0.5865767763617863
0.0015740866715866348,0.5902789207888801
0.0015623434712596156,0.5939780992710165
0.0015492096653658776,0.5977488267550923
0.0015360570947005627,0.6017306842115935
0.0015244999666491985,0.6057127232634986
0.0015144962937076371,0.6097466773384882
0.0015046960301662703,0.6139841665391167
0.0014939212327184034,0.6182249088858219
0.0014817107061430835,0.6224968842440094
0.001468700554463258,0.6269661965154055
0.0014549873289185498,0.6316350399897357
0.00144161069900561,0.6363059194388192
0.0014284711924991604,0.6409778572351014
0.0014150080664510924,0.6458338734871741
0.001401469835572431,0.6506880047581567
0.001387431047509296,0.6555296537546751
0.0013722924740192201,0.6605455928017612
0.0013571367913480204,0.6655625073361205
0.0013421076494614975,0.6705527159241416
0.0013269295012499835,0.6757049573345297
0.0013114210255264322,0.6808624451589576
0.0012957559112084659,0.6859711605979789
0.001279275645131466,0.6912421794198997
0.001262266169279296,0.696511259361649
0.0012451714860368878,0.7017232664483127
0.001227525221063186,0.70708354359936
0.0012095406069381738,0.7124465144948683
0.0011916280576652427,0.7177367628642665
0.0011731385637279495,0.7231667942921879
0.0011543141576092328,0.7285977797441365
0.0011354512974509098,0.73394731875448
0.0011161408668144278,0.7394259646768113
0.0010967253834100674,0.7449053443381295
0.0010774219865824241,0.7502891964656756
0.0010577479480033427,0.7557910262325848
0.0010375723731091845,0.7614123408042506
0.0010171884863020497,0.7670323180276604
0.0009968925786734196,0.7725325378732572
0.0009761960818611912,0.7781278955875753
0.0009553258767750295,0.783726096588844
0.0009346935483315034,0.7891906818045785
0.0009137510290288188,0.7947417626523412
0.0008925534954661359,0.8002933333703294
0.0008716615280788882,0.8057029385685138
0.0008504762365485629,0.8111884247783951
0.0008290877090299134,0.8166736195006892
0.000808030416761636,0.822008270583102
0.0007869865002247704,0.8274058779217135
0.0007658298636951286,0.8328029794345587
0.0007450118269440671,0.8380413676194687
0.0007242983913319414,0.8433289067706803
0.0007034365903073979,0.8486170870887934
0.0006830728504984335,0.8537377015654468
0.0006626084235330008,0.8588944848943495
0.0006420230165961194,0.8640514315470591
0.0006220160212324417,0.8690330622089295
0.0006018914818013051,0.8740373171260869
0.0005818420274828909,0.8790416534981117
0.0005622207035155785,0.8838623975757547
0.0005427847888386979,0.88869253364815
0.0005231698055177829,0.8935281240566325
0.0005035858064060533,0.8983644113792101
0.0004846129207664265,0.9029977837046647
0.00046577203889697075,0.9076147612038288
0.00044697486278899367,0.9122302519573534
0.0004288825089705398,0.9166390953671005
0.00041105560502099117,0.9210141676644557
0.00039335539015635727,0.9253910006092972
0.00037633961071290175,0.9295521904541955
0.0003596035289051494,0.9336679435543621
0.0003429846447098167,0.9377812144873557
0.0003270184947438858,0.9416785710493496
0.00031136753832877343,0.9455094198879893
0.00029589888738766135,0.9493432398117756
0.0002811198509770417,0.9529502154488889
0.0002666934115117725,0.9564802139243118
0.000252308550742557,0.9600069958464865
0.0002386522974134723,0.9633097957901536
0.000225482166976818,0.9665107877940823
0.00021243047144568942,0.9697165723738534
0.00020020729324253452,0.972686956266761
0.00018857643871014016,0.9755437407709797
0.00017697472190272872,0.9784015535826163
0.00016616157979076893,0.9810244485680079
0.00015589740886080323,0.9835131329927811
0.00014609740925188632,0.9858646623445869
0.0001365216150552624,0.9882150954465588
0.00012774941033763933,0.9903203052246522
0.00011976056323629704,0.9922661480179311
0.0001118950580994578,0.994206125604588
0.00010481619327936806,0.9959051523302282
9.850147609285059e-05,0.9974167208238509
9.231887669545299e-05,0.9989354870697181
8.699651526402995e-05,1.000196757175907
8.244881112227776e-05,1.0012668513704308
7.816434483879903e-05,1.002327996559743
7.468639652768046e-05,1.0031432149122441
7.212516318268264e-05,1.0037376084528664
6.971720740984276e-05,1.0043281876133228
6.81491930281512e-05,1.0046730151745138
6.753823343760009e-05,1.0047712513265137
6.704907054574707e-05,1.0048721644798024
6.254956972742812e-05,1.0054070632723089
5.377930963775212e-05,1.0055843694250481
4.323822198405675e-05,1.0054806300347525
3.1006678828475074e-05,1.0058983407099433
2.574005307167827e-05,1.0073680379161607
4.8896735042709364e-05,1.0093083288356612
5.198353978280604e-05,1.0114461376625121
5.434152048228717e-05,1.013574013889297
4.1912436801518717e-05,1.015638523095512
1.3133728156218011e-06,1.0176648916371687
-2.3933556496479807e-05,1.0196234430189859
-7.437025927960336e-05,1.0215070495917633
-0.00017099610193477616,1.0233142447140564
-0.00032054707433361226,1.02504319806214
-0.0004903708901450803,1.026694053305642
-0.0006791363461402314,1.0282670381691337
-0.0008829535126649129,1.029758623623948
-0.0011021291189911454,1.0311579219043567
-0.0013091735253525842,1.0324485603339515
-0.001517180704753276,1.0336556334636444
-0.0017348504363559857,1.0347766157580944
-0.001953143040763741,1.0358086405891287
-0.002176100427810252,1.0367564091364228
-0.0023947342886132088,1.0376157801071824
-0.0026079425335746166,1.0383874372373776
-0.002817175896830632,1.0390741347403407
-0.003015846473035851,1.0396750139578566
-0.003198007483707227,1.0401896482223554
-0.0033574859051671286,1.040611872429935
-0.0034979259407816395,1.040949968610991
-0.0036042033193652233,1.0411959000230808
-0.00367987457247554,1.0413579240720658
-0.0037155457334720056,1.0414309481827533
-0.0037041109183731033,1.0414234046499016
-0.00365413016637841,1.041354609277039
-0.003573920765983107,1.0412522433514195
-0.003472368141123337,1.0411551160610282
-0.003400885664927382,1.0411137421849526
-0.0033594134798307015,1.0410952702383043
-0.003315317808307072,1.0410702944946864
-0.0032766291405010492,1.0410396815289917
-0.0032306674220173304,1.04095629578356
-0.00321286457817268,1.0409216310669014
-0.003197569197265094,1.0408893048076426
-0.003149141268596319,1.0408590708745944
-0.003074594230795347,1.0408292615737433
-0.0029985696373242936,1.040794844034029
-0.002948119388169684,1.040761897437362
-0.0028932500732751824,1.0407242960137097
-0.002839052263034421,1.0407057970754312
-0.002781347242608735,1.0406908830413
-0.0027258911066998684,1.040673002306005
-0.002669326284561728,1.0406538192130985
-0.002611771292105262,1.0406362201163322
-0.0025542211196880648,1.0406065814668821
-0.002495073904346941,1.040583575886856
-0.002410532467437458,1.0405603041871305
-0.0022686563027868286,1.0405464396748634
-0.0020531930545523817,1.0405425782782751
-0.001731318656108372,1.040537555437284
-0.001336386562123174,1.0405303314737433
-0.0008468855878733213,1.0405683036165554
-0.0002895328762306595,1.0406425917012647
0.0003291907223473161,1.0407405138000703
0.00099783292388003,1.040823285106297
0.0017231569305025433,1.0408830327297216
0.0024936423420445215,1.0409203671912395
0.003273529099783524,1.0409430220234828
0.004116156245639464,1.040953111536029
0.004955710937673304,1.0408780173095138
0.0056665506167832,1.0407477573144008
0.0062755081542841635,1.0406795793928274
0.0068090987908819185,1.04060359991883
0.007114739435013988,1.0405746907253366
0.007286560553858266,1.0406432414492501
0.007320815196726613,1.0407104777531537
0.007084273181893469,1.0407115203336317
0.006761840079948868,1.0406443460557928
0.006269996254490854,1.0405354059239946
0.00551535256024187,1.0403596847296048
0.00467683023967618,1.04015263468051
0.0035965611678234356,1.039879709995209
0.0023659801047527878,1.0395560184436856
0.0008716870491432176,1.039148564631255
-0.0006970085216499745,1.0387080021017363
-0.002384413974473451,1.0382263835951502
-0.004319899226724608,1.0376663201764185
-0.00632915499212959,1.0370736966708554
-0.008464602143861289,1.036434579139723
-0.010849291572978526,1.0357187401712802
-0.013302272781775233,1.0349790737947986
-0.015871841737989778,1.0342052848168901
-0.01870083753898911,1.033354819716167
-0.02160563708968149,1.0324818114063672
-0.024631956998192806,1.031579685557979
-0.02792733306406975,1.030610280914235
-0.03129136931449613,1.0296359347481736
-0.0347809147782017,1.0286416373746128
-0.038548326529396215,1.0275933907037325
-0.04239054505512457,1.0265499657830406
-0.046372786431994904,1.0254959419928746
-0.050646718485695755,1.0244034023047779
-0.05499484931295184,1.0233327293980394
-0.05948536270909677,1.0222718899122643
-0.06428084285746731,1.0211922069394281
-0.06938887513470092,1.020100343919098
-0.07456630095521546,1.0190589489087019
-0.0798795320812583,1.0180607094146676
-0.08550140255734555,1.0170827769577857
-0.09119617039398205,1.0161742304258585
-0.09703013259026885,1.0153341831380134
-0.10314336270228171,1.0145528184010275
-0.10930504820998185,1.0138606643392134
-0.11526465057080706,1.0132724171134841
-0.12118423063775463,1.0127791959576604
-0.12710368613359707,1.012383818316016
-0.1327944295464279,1.012084005013285
-0.13856840017339925,1.0118630554106671
-0.14439089922442197,1.0117295341381358
-0.15001195438435785,1.011672216378498
-0.15569331121495525,1.0116839999559089
-0.16144795558915928,1.0117523266045845
-0.1669848117563252,1.0118721975941547
-0.17260075950538414,1.0120472487332801
-0.17828089283347176,1.0122748596114097
-0.183761775148592,1.0125482557023229
-0.18932764279033007,1.0128633568145702
-0.19495231743430022,1.0132122280717608
-0.20040918444588504,1.013581084284579
-0.20595419233435402,1.013959675380156
-0.2116030651953712,1.0143631064407577
-0.2173288423742775,1.0147832462253323
-0.22289452076543587,1.015198566758042
-0.22856256029967312,1.0156168958072356
-0.23430315115068637,1.0160350538881124
-0.23991473424983284,1.016436952772615
-0.24563927005242345,1.0168295775995952
-0.25144237080582205,1.0172099636641412
-0.25713282165213974,1.017557117847864
-0.26295467511542564,1.0178813515712521
-0.26884015613971,1.0181698114208546
-0.27464817684903026,1.0184177413131605
-0.2805873866948458,1.0186210582493223
-0.2865959740433382,1.0187789992749605
-0.29251228351914843,1.0188770358148467
-0.29853644454380734,1.018920984587361
-0.3045828842612545,1.0189003007275652
-0.3103283329168911,1.0188140199595888
-0.316038442086304,1.0186659238227695
-0.32177316736000744,1.0184604448811025
-0.32734454189962625,1.0182128750619939
-0.33289313468885134,1.0179279344091576
-0.33852027777694416,1.0176109646883862
-0.3439892028136844,1.0172744452651743
-0.3494473167877932,1.01691195634863
-0.3549653013517784,1.0165264900646604
-0.36051827308560347,1.0161240796521152
-0.36579069338963,1.0157198888722916
-0.3710335973932614,1.0152977511851076
-0.3762923294379242,1.014852801825132
-0.38132815118813856,1.0144017995422026
-0.38633644577961584,1.0139394458313231
-0.39134620273100684,1.0134668938864522
-0.3961360523627284,1.0130033504241636
-0.40089417151126316,1.0125368165474977
-0.4056516743044171,1.0120600553316041
-0.4101846919332744,1.0115897578370705
-0.414675774158348,1.0111166147071042
-0.41916557179297587,1.010636486468984
-0.4234307545942838,1.0101702148702316
-0.427641690310854,1.0097094217013982
-0.4318540738641014,1.0092466658474217
-0.43583753774606243,1.008799638001191
-0.43975788332037247,1.0083580570934731
-0.4436750615159659,1.0079140518893719
-0.44736683124212645,1.0074883221924793
-0.45097926781122954,1.0070728651229717
-0.45458896179273384,1.0066584592388454
-0.45797323401465134,1.0062643916042797
-0.46126357410181007,1.0058819321008914
-0.4644556961956964,1.005509372992393
-0.4676504489567141,1.0051379945679322
-0.4706083115160416,1.0047885685313338
-0.4734453822548525,1.004455144524481
-0.4762877705851274,1.0041241509413905
-0.478887406516608,1.0038151369791635
-0.48136168744833263,1.0035228558078617
-0.48382980165570605,1.003233115407458
-0.48606301259797197,1.0029656078706781
-0.4881506741443279,1.0027164358797824
-0.49023277848022134,1.0024701426006555
-0.49208384454955867,1.0022462306705482
-0.49376681746344747,1.0020423168960015
-0.4954520421280322,1.001841275692386
-0.4968956157485702,1.0016623134716205
-0.498166700673304,1.0015043229670288
-0.49942815294874143,1.0013487214618977
-0.5004602850180875,1.0012160797845246
-0.5012897776569446,1.0011059452059483
-0.5021215738739797,1.0009963884497275
-0.5043944500404474,1.000680313034705
-0.5067228977719472,1.0004388276101728
-0.5086911037335848,1.0002663106655345
-0.509862203897933,1.000103429070169
-0.5120467030222968,0.9999660178217391
-0.5139147224597358,0.9998855521728566
-0.5141762245285504,0.9998640982825808
-0.5141555124602328,0.9998348537639545
-0.5148254104598289,0.9998233898171763
-0.5158152802253887,0.9998225550758182
-0.516709994899225,0.9998311498520613
-0.5173792789429482,0.9998446674123695
-0.5179750410701117,0.9998655981180506
-0.5184721765459261,0.9998973701013554
-0.5188668795806224,0.999958067812836
-0.5191910913857215,1.0000298500107936
-0.5193873007219704,1.0000931133351523
-0.5194774556622781,1.000141751625145
-0.5195150247299375,1.0001791192258656
-0.5194540080561701,1.0002077376666911
-0.5194403096664931,1.000231212697745
-0.5195569761202635,1.0002418112527593
-0.5199783266851256,1.000235886798559
-0.5205223985519091,1.0002187550591446
-0.5209353939606817,1.0001987938773829
-0.5215579683897261,1.0001750312972097
-0.5224036551936881,1.0001459187184611
-0.5232399931568775,1.000117580860478
-0.5241841023822927,1.0000879159128724
-0.5253426688503592,1.0000563838632637
-0.5267156797524207,1.000023418988927
-0.5281312152234569,0.9999926559411465
-0.5296974333523096,0.9999625627890228
-0.5315328658849738,0.9999331632767997
-0.5333590529055154,0.9999128027555413
-0.5353431958143341,0.9999002609208921
-0.5376177384690768,0.9998912718055594
-0.5398867649606376,0.999887344512415
-0.5422808290784498,0.9998813770043667
-0.5448845188039253,0.9998705151339701
-0.547531733554092,0.9998585908667953
-0.5502959491124543,0.9998463846157032
-0.553279646873857,0.9998365774181261
-0.5562618232573996,0.9998316085380632
-0.559351129531713,0.9998321254870837
-0.5626615785688229,0.9998355985429498
-0.5659735878240907,0.9998393160764252
-0.5693720750068184,0.9998412410677848
-0.5729871059710171,0.999843145306985
-0.5766020547202039,0.999846054790341
-0.5802860336094139,0.9998507681946324
-0.5841794952774565,0.9998584259965453
-0.5880751676357034,0.9998674642717834
-0.5920265350551768,0.9998760651424735
-0.5961800334165779,0.9998839989061875
-0.6005361730341776,0.9998918760680828
-0.604891949325039,0.9999000530645216
-0.6092674045802347,0.9999092820260964
-0.6138366210006638,0.999919725361336
-0.6184017719654278,0.9999305670028633
-0.6229734369325067,0.9999411271244484
-0.6277304176319846,0.9999513088316391
-0.6324875185338763,0.9999606897585598
-0.63723353868917,0.999970007194573
-0.6421586026924797,0.9999796926546444
-0.6470809298014375,0.9999896089492251
-0.6519797463895936,0.9999992392804298
-0.6570485520704802,1.0000086277360083
-0.6621193647365188,1.0000174277091773
-0.667152105754873,1.0000255257180357
-0.672345108546724,1.000033487972011
-0.6775384598766495,1.0000411925792065
-0.6826812364424472,1.0000484272179913
-0.6879790894527662,1.0000554215819515
-0.6932760224084182,1.000061749236997
-0.698509985189648,1.0000675793919338
-0.703886576362768,1.0000728124309421
-0.7092635147762223,1.0000780029966165
-0.714787412952101,1.0000827480901597
-0.7202242516300303,1.0000870368560921
-0.7257877197425981,1.000090885641591
-0.7313510127388363,1.0000943162972358
-0.7368129051198984,1.0000974386087231
-0.7423923621469466,1.0001001143501678
-0.7479694439076885,1.0001024247170842
-0.7534375072677604,1.000104397402178
-0.7590115756610841,1.0001059062012916
-0.7645849979847013,1.0001072762373624
-0.7700375747595535,1.0001082619397834
-0.7755872528041392,1.000108902016024
-0.7811371121338555,1.0001091442934595
-0.7865548316421803,1.0001090899467964
-0.7920596193476613,1.0001086832368642
-0.7975631503826448,1.0001081058251666
-0.8029277093198282,1.0001073449156548
-0.8083671525482483,1.0001062314324893
-0.8138056908590714,1.0001050167680252
-0.8190970751843557,1.0001036213319041
-0.824450957815877,1.0001018872814043
-0.8298049428661254,1.0001001587764795
-0.835002639790791,1.0000981722874556
-0.8402509064263327,1.000096103224073
-0.8455485738835772,1.0000939837349456
-0.8508459053976294,1.0000915794329963
-0.8559669654806766,1.0000891000723418
-0.8611147527156165,1.0000866875613217
-0.8662627152838027,1.0000841615744513
-0.8712269337756688,1.000081602569173
-0.8762057574168994,1.0000789565699528
-0.8811848682555903,1.0000762824399434
-0.8859735750016813,1.000073567651525
-0.8907647033568568,1.0000708079821656
-0.8955547755047014,1.0000681208365474
-0.9001489418157436,1.0000653992449833
-0.9047318971026346,1.000062683279777
-0.9093143264235629,1.0000599220613562
-0.9136944011482281,1.0000571097195574
-0.918050266770708,1.0000543378942939
-0.9224040692083527,1.0000514638052094
-0.9265525222305947,1.0000487386514296
-0.9306601204860102,1.0000459945877005
-0.9347682018853988,1.0000434021032556
-0.9386629589851142,1.0000409178835077
-0.9425033902915451,1.0000383431331634
-0.9463434412593672,1.0000357531701682
-0.949967931502699,1.0000332610694775
-0.9535198685832535,1.0000307695388946
-0.9569956057605706,1.0000284695047061
-0.9604730656818197,1.0000262091365482
-0.9637211955229389,1.0000241381849315
-0.9668698703579164,1.000022070820539
-0.9700208873159184,1.0000200502548375
-0.9729374960685716,1.0000180763175497
-0.9757404126874134,1.0000162549082412
-0.9785417666442263,1.000014440721924
-0.9811123911357192,1.0000127896486724
-0.9835455266311653,1.0000111917488665
-0.985984930341455,1.0000096358712431
-0.9881817444508496,1.000008123094263
-0.9902359175152174,1.0000067721767065
-0.9922822211941627,1.0000054189365697
-0.9940970790273127,1.0000042527975146
-0.9957382981697367,1.0000031022684526
-0.9973843472312707,1.0000020119240374
-0.9987886855835545,1.0000010126971723
-1.0000041503451713,1.000000170923589
-1.0012267731429159,0.9999993510014836
-1.002200180638896,0.9999986419961251
-1.0029725555253968,0.9999981048979393
-1.003746858670292,0.9999975169114496
-1.004271886997485,0.9999970705396344
-1.0045823597442227,0.9999967738157852
-1.0046504948360193,0.9999964136339745
-1.0047286597510126,0.9999954056312993
-1.0051200606314266,0.9999915758580287
-1.005299986547152,0.9999850011176215
-1.005186739313346,0.9999761579126294
-1.0052102864119667,0.9999692893591852
-1.00554750480799,0.9999688295993954
-1.005862219719987,0.999972386072148
-1.006383288906288,0.9999778890775649
-1.007097794792896,0.9999832038589271
-1.007779396361178,0.9999909189419672
-1.0086515993362881,0.9999994093976929
-1.009858719906009,1.0000023387479464
-1.0110836496542261,0.9999964066155963
-1.01246280039408,0.9999862149906203
-1.014054804689771,0.9999743044726864
-1.0156289435911068,0.9999616295310388
-1.0174075103421825,0.9999490637594906
-1.019416790710035,0.9999418893722244
-1.0214263666777406,0.9999398290443814
-1.023612182053116,0.9999422114725629
-1.0260141647543208,0.999945910330432
-1.028415269782722,0.99994577949828
-1.0309461461023923,0.9999409970259551
-1.033703113019969,0.9999336574439681
-1.036685260795121,0.9999273795825105
-1.039667557627657,0.9999242624522922
-1.0427495460839926,0.9999251160918697
-1.0460477648587383,0.9999266271211441
-1.049347096316992,0.9999275286016778
-1.0527283734924324,0.9999264066009843
-1.056320752624488,0.9999237928809577
-1.059911934406984,0.9999217065102327
-1.063568655897096,0.9999213158746466
-1.067433482157374,0.9999225861433285
-1.071295429096699,0.999924683261661
-1.07520777485698,0.999926457864548
-1.0793197737591076,0.9999272202644199
-1.0834339729739253,0.9999275082761385
-1.0875773360075027,0.9999281140257608
-1.0919170699806235,0.9999296384323942
-1.0962588139879856,0.9999317365007387
-1.100616131307753,0.9999341497211852
-1.1051620408269105,0.9999364200209162
-1.1097095322164416,0.9999382928372795
-1.1142618553649681,0.9999399458460282
-1.1189939557307618,0.9999416548184651
-1.1237269691331548,0.9999436906706066
-1.1284504619251088,0.9999459886704466
-1.1333508710251283,0.9999482610897396
-1.1384244201508673,0.9999504361181203
-1.143497992794405,0.9999525074938901
-1.1485351638934866,0.9999544810489096
-1.153730368069775,0.9999563673336963
-1.1589256638065588,0.9999584179454936
-1.164073013944726,0.9999604469394712
-1.1693687968951585,0.9999624677728025
-1.174667994501056,0.9999645757333226
-1.1799046180780666,0.9999665842327117
-1.1852851793901138,0.9999684060802797
-1.1906645262618294,0.9999701492439254
-1.1959737963684496,0.9999718422073003
-1.20141599612225,0.9999735497452165
-1.206860808133333,0.999975258418159
-1.2122202040935726,0.9999767368793465
-1.2177075438057172,0.9999782163676045
-1.2231963175393326,0.9999795658660728
-1.2285888309820319,0.999980864683395
-1.2341016345891291,0.9999820106116614
-1.2396132849904533,0.9999830920440017
-1.2450206717015078,0.9999841915710161
-1.2505393384281727,0.9999852822845248
-1.2560565271111876,0.999986263206462
-1.2616830602740063,0.9999872126324771
-1.2671874915805208,0.9999881168392446
-1.2727811479935167,0.9999888412572108
-1.2783757619458784,0.9999897145696822
-1.2838331370518077,0.9999906068333958
-1.2893705489408713,0.9999913037379846
-1.2949080405110083,0.999991847455381
-1.300300701410211,0.9999923926337101
-1.3057623968508096,0.9999929373096722
-1.3112253197043144,0.9999934132114381
-1.3165347928471334,0.9999937610874253
-1.3219037537866944,0.9999941464678873
-1.3272727281954066,0.9999944219287196
-1.3324814962488878,0.9999947451287969
-1.3377381816882834,0.9999949768037161
-1.342994876803386,0.9999953072612052
-1.3480848220977022,0.999995531452383
-1.3532110730044533,0.9999956518860106
-1.3583374565265827,0.9999958148471977
-1.3632898700853786,0.9999959418327471
-1.3682666853700263,0.9999960768126132
-1.373243130599086,0.9999962576989279
-1.378039945365057,0.9999963276488523
-1.3828479934502578,0.9999964709445686
-1.3876561965509975,0.9999965055549735
-1.3924740257810473,0.999996632777376
-1.3970956101691747,0.9999966565404882
-1.4017041114370534,0.9999966885694394
-1.4063138382022218,0.9999967628966262
-1.410720135677657,0.999996789049083
-1.415102453276196,0.9999969174645843
-1.4194828676345153,0.9999970016658645
-1.4236592543781426,0.9999969349083784
-1.4277942335387273,0.9999968742810885
-1.43193080746629,0.9999968707304497
-1.435855350753019,0.9999968668865363
-1.4397287387383095,0.9999968191247085
-1.4436004486800957,0.9999967261042081
-1.4472577364365433,0.9999967602100308
-1.4508481828939688,0.9999966838580526
-1.4544373549765275,0.9999966627392072
-1.4578108824497766,0.999996601548316
-1.4610994620279216,0.9999964619025309
-1.464387962598095,0.9999963345443443
-1.4674566225879497,0.9999962922259138
-1.470426832837657,0.9999962815768144
-1.4733972423320836,0.9999963407317521
-1.4761407193473723,0.9999963418925439
-1.4787734449670416,0.9999963123838473
-1.4814037549361951,0.9999962730082945
-1.483914021082441,0.9999962758892089
-1.4861901839076717,0.9999962294379334
-1.4883193866404414,0.9999962351401701
-1.4904538403647036,0.9999962447354651
-1.4923502548419054,0.9999962732387258
-1.4940924981784727,0.9999962160860053
-1.4958311948134593,0.9999962556911725
-1.4973380092228072,0.9999961898720322
-1.4986655908112114,0.9999962386581802
-1.4999950526661157,0.9999961843564151
-1.5010876821763464,0.9999962070722173
-1.50198972542355,0.9999961234906564
-1.502885567582805,0.9999960711387086
-1.5035514326389698,0.9999960621973072
-1.5040018613673078,0.999996016040721
-1.5044517579471197,0.9999960239674284
-1.5046689697666642,0.99999595514663
-1.5051892260619562,0.9999926997855877
-1.506717411290978,0.9999854585910536
-1.5080518398104004,0.9999810698304705
-1.5079956276580357,0.9999806560937727
-1.5085410636887526,0.9999769048030244
-1.5099829046360345,0.9999754147562868
-1.511869970276751,0.9999813380485554
-1.5139686756160062,0.9999922321413914
-1.5161592535156883,1.0000054577154052
-1.5183908196348401,1.0000206956622164
-1.5206409980321274,1.0000353223038105
-1.5228985053882231,1.0000487333461108
-1.5251500123600883,1.000061030666114
-1.527368147787487,1.0000733082210898
-1.5295423255287957,1.0000854933068637
-1.5316603208069262,1.0000981087502228
-1.5337059263951278,1.0001013481781498
-1.5356838674361968,1.0000603703684297
-1.5375950038168955,1.0000256227510376
-1.5394417600991888,1.000025320237862
-1.541220912581732,1.0000641005281279
-1.5429282267447226,1.0001161937553082
-1.544561430123996,1.0001954841068463
-1.546121153503842,1.0003613413736512
-1.5476022449736495,1.0005734953151086
-1.5490082821721343,1.0008006499884787
-1.5503085083540566,1.0010176760053737
-1.5515243947757942,1.001228419006698
-1.552656674562526,1.001445440044251
-1.5537072440040727,1.0016722670781233
-1.5546705949054358,1.0018987087660876
-1.5555497394010118,1.0021258295968503
-1.556341787670163,1.0023514631130777
-1.557043739588339,1.0025651882346647
-1.5576600612056806,1.002776049778165
-1.5581840572215675,1.0029648498657895
-1.5586249628244586,1.0031430208506804
-1.5589743164391847,1.0032904512813583
-1.5592415015424965,1.003416091406077
-1.5594316042349825,1.0035120296753501
-1.5595613791386702,1.003580861764389
-1.559612880763414,1.0036139298105051
-1.5596225053432595,1.0036141230520985
-1.5596388518430495,1.003591333772693
-1.5596964994306675,1.0036041256077806
-1.5597702222190133,1.0036439139004805
-1.5598348795360846,1.0036831924284895
-1.5598567047934986,1.003714805669227
-1.5598838940413378,1.0037595990879813
-1.5599248248124253,1.0038220042835206
-1.559968073140966,1.0038728677060527
-1.560009965596987,1.0038960813696831
-1.5600517070062572,1.0039297067035402
-1.5600915280172225,1.0039711991889753
-1.5601269991812656,1.0040171706932939
-1.5601621294076364,1.0040646104400224
-1.5601924908810225,1.0041153923315007
-1.5602205873878519,1.0041640240346603
-1.5602490788416608,1.0042139817947238
-1.5602771615509896,1.0042648149896127
-1.560305193950595,1.0043169880674374
-1.560329699170802,1.0043689646650147
-1.5603342351032177,1.0044185236121044
-1.5603335600009445,1.004437861390967
-1.5603431170201234,1.004531935509253
-1.5603585570392733,1.004622810245413
-1.560378305056051,1.004560947255624
-1.5604344099252598,1.0043892063091424
-1.560519270936836,1.0041452791291219
-1.560644679006971,1.0038383107243503
-1.5607626654825701,1.0034714006326113
-1.5608633371013927,1.003053850100669
-1.5609467884734327,1.0025874806274995
-1.5610082868198436,1.002077726492042
-1.5610447425329737,1.0015319962209974
-1.5610669645391169,1.001123872870129
-1.561027454729507,1.0007351105722286
-1.5609487958027626,1.0003164685366353
-1.5608281462070401,0.9999788034522936
-1.560741413158466,0.9997475527354962
-1.5606798088151994,0.999582729821277
-1.5605709022930354,0.9996453276365234
-1.5605073496084685,0.9999549325915351
-1.5604885494099756,1.0003501352159776
-1.5604059357592475,1.000856022466616
-1.5602529415107644,1.0016276698802686
-1.56007244176376,1.0024796703064576
-1.5598534337075862,1.0034569853858117
-1.5595635588347598,1.0046996269759734
-1.5592436817033235,1.006016628310763
-1.5589274961570672,1.0072636092491951
-1.5584902095505906,1.0089550269116148
-1.5580237307734044,1.0107232447320553
-1.5575106610311342,1.0126311359555218
-1.5569171456553912,1.0147964124480966
-1.5562970265674063,1.017031267897944
-1.5556381561790191,1.0193881721883158
-1.5549007092950378,1.0220066392864355
-1.5541408520506337,1.0246947954242112
-1.5533540959473795,1.0274995408150571
-1.5524947474961688,1.0305711092809275
-1.5516228729516042,1.0337116925263516
-1.5507252303176,1.036976462013096
-1.5497731831247454,1.0405105945204904
-1.5488151731735604,1.0441204070857881
-1.547839683804254,1.0478667344526935
-1.5468199910212852,1.051896458304557
-1.5457593723678749,1.0562184285935547
-1.5447192241375691,1.0606075648223692
-1.5436895556931485,1.0651314478961271
-1.5426414073341332,1.0699500031643052
-1.5416317098999517,1.074836788876541
-1.5406481748117564,1.0798693034551208
-1.539679730617851,1.0851814771618131
-1.5387671705578438,1.0905628843102106
-1.5379165598050215,1.0959878966143939
-1.5371136257662346,1.1013962408845008
-1.5363916959637836,1.1067762964592083
-1.5357404786879114,1.1119948010954899
-1.5351318606624984,1.1173242627092261
-1.53459120060687,1.1227123486572166
-1.534115335164065,1.1279681019569834
-1.5336896225998167,1.1333420255561477
-1.5333111053962942,1.13878639321502
-1.5329811084722125,1.144099297873856
-1.5326819794379962,1.1495410732203462
-1.5324182261250658,1.1550437016813777
-1.5321873996662698,1.1604315692128957
-1.531976826092229,1.1659507402714933
-1.5317869014507948,1.1715314689618466
-1.5316089808708655,1.177252121545386
-1.5314409819421977,1.1828601129166303
-1.5312764573938835,1.1886021394486634
-1.5311163285926952,1.1944129546954487
-1.5309566760193762,1.200116705658864
-1.5307874169403484,1.2059616230900128
-1.530606704844067,1.2118691351379658
-1.530413211936324,1.2176872527919762
-1.5301982398842982,1.223663024020634
-1.5299564567974628,1.2296891540001802
-1.5296907904881059,1.2356184995694037
-1.5293894800639447,1.2416689787788104
-1.5290474590004592,1.2476996269722949
-1.5286772192853724,1.2534586652029986
-1.5282630929552057,1.2592795578947822
-1.5278139850455406,1.2651282276299296
-1.527351388112582,1.270835347173346
-1.5268615618778776,1.2766440889957458
-1.5263547071207375,1.2824785399383016
-1.5258539439401804,1.2881668800716148
-1.5253409828024298,1.2938951823642497
-1.5248170467636162,1.299585983934023
-1.5242913245074543,1.3051113712480198
-1.5237427527295206,1.3107095584265507
-1.5231737716865144,1.3162912295329399
-1.522583176472047,1.3219217376163133
-1.5219980085731828,1.3273658539856699
-1.5214019095323423,1.3328571340653144
-1.520799236058201,1.338338441672495
-1.5202089377986951,1.3436295144876167
-1.5196050530941887,1.3489459617427046
-1.5189894242642614,1.3542605929071463
-1.5183864304196109,1.3593824490481146
-1.51777499307543,1.3645163510135263
-1.5171591061914382,1.3696493257780802
-1.5165625960242801,1.3745857096470915
-1.5159590928565418,1.379524419552394
-1.5153513176863844,1.3844625444153902
-1.5147607212752796,1.389200959868847
-1.5141675762674367,1.3939297520248985
-1.5135712729069575,1.3986585127341904
-1.5129967417749435,1.4031830602664588
-1.512423290206405,1.4076869818472293
-1.5118466701484226,1.412189794034971
-1.5112937432435973,1.4164878455506746
-1.5107425190261883,1.4207502041629072
-1.5101900814950213,1.4250132257448331
-1.5096617559665535,1.429066731980482
-1.509139399878573,1.4330727885362236
-1.5086219193178285,1.4370279572712155
-1.508104590676933,1.4409844626911237
-1.5076119202862452,1.4447192100118673
-1.5071306127551656,1.4483825959468373
-1.506649610635187,1.4520460403973356
-1.5061908935854016,1.455488601073579
-1.5057454262307994,1.4588418957453875
-1.5053019717871112,1.4621994575853732
-1.5048856796502292,1.46532775870311
-1.5044853853818074,1.468359886288667
-1.5040846668097403,1.4713900370812178
-1.5037138074314922,1.4741928160730233
-1.5033575921430824,1.4768844096917138
-1.5030019522013793,1.4795701912212684
-1.5026759819207895,1.4820339200352082
-1.5023668852953695,1.484362230469302
-1.5020587985409488,1.4866945283364679
-1.5017801834848914,1.4887944404895805
-1.5015212551751844,1.4907520764887285
-1.5012619444898858,1.4927036210717166
-1.5010335472317995,1.4944288888423654
-1.5008255346565609,1.4959894232060338
-1.5006181544705566,1.4975542220184876
-1.5004414698888433,1.498880487398489
-1.5002867613565432,1.5000331896319512
-1.5001584154708714,1.5009973188457593
-1.500028395481781,1.5019647761184571
-1.4999292856835176,1.5026910424238877
-1.4998569587057802,1.50321277920933
-1.4997858732938878,1.5037403493461658
-1.49939760296868,1.506201650913473
-1.4991218456720494,1.5083445875947048
-1.4989204249625558,1.5099639749333869
-1.4988861777959133,1.510165256632057
-1.498874156117317,1.510690450254733
-1.498874756239114,1.5114342394265419
-1.498881694177653,1.5119654145811956
-1.4988903902530974,1.5123975367192397
-1.4989125866608959,1.512757420610951
-1.498947807400836,1.5129662225572975
-1.4989840005307027,1.513068024304413
-1.4990193400811311,1.513089190761185
-1.4990536581254887,1.5130041311482032
-1.499083862164467,1.5128662226513607
-1.4991076005183932,1.5129115800004813
-1.4990993450928853,1.5131422015151643
-1.4990906424397366,1.5134068196609531
-1.4990776176299179,1.5140259096613848
-1.4990640072156174,1.514502233898311
-1.4990486177183895,1.5151847068323139
-1.4990279653333782,1.5160888869524354
-1.4990081382700895,1.5169438255450387
-1.49898921698671,1.5179579504942577
-1.4989707315661325,1.5191694977830463
-1.4989551537197372,1.5203882390036354
-1.4989433419426226,1.5217072869681603
-1.4989334445497609,1.52322859393309
-1.498923626830264,1.5247971609703823
-1.498917459995628,1.5265151434132225
-1.4989186691962129,1.528503078615796
-1.498917998303416,1.530469027643194
-1.4989170608233608,1.5325776576352732
-1.4989192242165665,1.534973665981565
-1.4989275828402397,1.537386459860584
-1.4989381080458513,1.5399017397911021
-1.4989452993602097,1.5426189107620911
-1.4989495772885675,1.5453768076092786
-1.4989536994238821,1.5482644667992937
-1.4989648822638286,1.5513582102640595
-1.4989743541726486,1.5544524002361089
-1.498984218185914,1.5576425001375491
-1.4989955715253982,1.5610506661518029
-1.4990078073628188,1.5644587621374102
-1.499020542306793,1.567948277172555
-1.4990354219345936,1.5716506990766101
-1.4990496075609796,1.5755658249510345
-1.4990632229758585,1.5794829020948085
-1.4990763985315263,1.5834449180775125
-1.4990902996396982,1.5876113886289682
-1.4991046244879833,1.5917761444260028
-1.4991196421435942,1.5959723598565838
-1.4991349127684164,1.6003629079047752
-1.499150128673334,1.6047541675107024
-1.4991643689489451,1.6091630835597333
-1.4991788163717614,1.6137601878114116
-1.4991929814882683,1.6183569241055136
-1.499207860521059,1.6229552649779324
-1.499222820093163,1.6277349998843396
-1.499237333430741,1.6325160482533394
-1.4992516452072153,1.6372859418552965
-1.4992656925422199,1.642226244132413
-1.499279660103185,1.6471710857985051
-1.4992930187863194,1.6520867804733552
-1.4993065127721752,1.657168441558244
-1.4993200184137774,1.6622515868942385
-1.4993328232343608,1.6672961983993644
-1.4993457022099814,1.672497173795968
-1.4993582524102702,1.677697884686166
-1.4993704278591193,1.682849359827645
-1.4993827827237667,1.6881481383979942
-1.499394945346405,1.693598771905958
-1.499406817178616,1.6990510652902577
-1.4994186147745956,1.704423878930495
-1.499430542014592,1.709928579330244
-1.4994422507054848,1.7154321635631693
-1.499453393662988,1.7208453407366746
-1.4994647828804213,1.7263848891412068
-1.499476005304077,1.7319220349066478
-1.4994867211563605,1.7373609786934059
-1.4994976021787365,1.7429119147290575
-1.499508123283293,1.748465411814093
-1.4995183869442965,1.7539061333922914
-1.4995282879638616,1.7594516489107908
-1.4995383988476394,1.7649984143133355
-1.4995478477384505,1.7704231748324992
-1.499557341212633,1.7759448409252512
-1.4995669576469606,1.781464976102095
-1.4995762175729364,1.7868557387219766
-1.4995854024132684,1.7923321472004736
-1.4995944996774653,1.7978078689486225
-1.499603456295058,1.8031455034084658
-1.499612351064525,1.8085555558714443
-1.4996215088933715,1.8139665939347205
-1.4996301853265261,1.8192321258290773
-1.4996389689853222,1.8245579913576035
-1.4996477818028529,1.8299445145269333
-1.4996564042945795,1.8353319235404486
-1.4996649812318033,1.840550035864701
-1.4996732932281864,1.8458083261021339
-1.4996818837432455,1.8510665521367666
-1.499689870145908,1.8561492545852856
-1.4996980807853995,1.8612593577493195
-1.4997060454371731,1.8663694437543914
-1.499713931338884,1.871298000762317
-1.499721566746538,1.8762416385098593
-1.4997293663077071,1.881185640015284
-1.4997367355767712,1.8859413380406793
-1.499744265267941,1.8907005479809769
-1.4997516902719168,1.8954585653437668
-1.4997587980801521,1.9000243790340314
-1.4997659501964828,1.9045778358175067
-1.4997729456617206,1.9091320845557769
-1.4997798579649946,1.913487492594122
-1.4997868664209115,1.9178171444915844
-1.4997937698544672,1.9221469365848314
-1.4998002870433484,1.9262739567178857
-1.499806405217603,1.93036016242639
-1.499813140868842,1.9344465346239568
-1.4998190730902103,1.9383264934820106
-1.4998252427328276,1.9421494008477629
-1.4998311898555114,1.9459158292965193
-1.4998371784137114,1.9496819792525957
-1.4998426360711163,1.9532245939661756
-1.49984820588774,1.9566902968453799
-1.4998537362060618,1.9601520782934094
-1.4998587129754766,1.9633897789705081
-1.4998636968986792,1.9665332355977057
-1.4998691218329272,1.9696744674464106
-1.499873677467266,1.972590349318141
-1.4998781300339052,1.9753893335920703
-1.4998825105515583,1.9781934658760023
-1.49988664576609,1.9807639729045352
-1.4998906069167035,1.9832056006243517
-1.4998946229097232,1.9856480083930979
-1.4998980057129754,1.9878576132241454
-1.4999014251069078,1.9899217718745108
-1.4999046753437442,1.9919847274250113
-1.4999075655932113,1.9938141983269981
-1.49991018731539,1.9954773079597874
-1.4999129535617648,1.9971445897323001
-1.499915117287844,1.9985720381584318
-1.4999172460808625,1.999822153676517
-1.499919218126409,2.0010674516213425
-1.4999210691216065,2.002127095655085
-1.4999222118542836,2.0029376611497014
-1.4999235003894054,2.0035403364967177
-1.4999243156381967,2.004140097505177
-1.4999251668846105,2.00449926117754
-1.4999251178986481,2.004630750177214
-1.4999254980154144,2.004764679530165
-1.4999238923752487,2.005243848604083
-1.4999233616730316,2.0054350331092845
-1.4999224308533907,2.005337006017861
-1.4999230627344493,2.0053424850374877
-1.499921381323534,2.005678652995814
-1.4999202908289389,2.005977566466089
-1.499919496802086,2.0064841327577367
-1.499921971639579,2.007189120392358
-1.499929162118439,2.007861852632784
-1.4999382436756352,2.0087555598810845
-1.4999406104228625,2.0099634235675
-1.4999341466155094,2.011170081538347
-1.499923589507801,2.0125443863013692
-1.499911214143575,2.0141245825213154
-1.4998979269610693,2.015726143213826
-1.4998944314325606,2.0175141229762144
-1.4998909875106783,2.0195153545960305
-1.4998919323415398,2.021549292738169
-1.4998956625490782,2.0238014962288613
-1.4998961969939026,2.0262007311494754
-1.4998917664488154,2.0288294039108368
-1.499884257720749,2.0314581727697276
-1.4998778989432469,2.034204228700135
-1.4998754236952028,2.037171158175147
-1.4998763077794428,2.040138731245108
-1.499878321188069,2.0432062595348466
-1.4998788037572928,2.046490607645447
-1.4998776396889757,2.049776236750326
-1.499875290474177,2.0531457325780975
-1.4998734938943634,2.0567256004799
-1.4998732087169733,2.0603061067170128
-1.499873518987811,2.063951916495488
-1.499873949779292,2.0678059339269073
-1.499875152013857,2.071657510359094
-1.4998757594688847,2.0755623999118074
-1.4998758901586329,2.079663592260574
-1.4998761192435939,2.083768754418562
-1.4998767471879193,2.0879058934014054
-1.4998780753857464,2.0922373640621648
-1.499879548723281,2.0965724574813276
-1.499880921154921,2.1009246893603497
-1.4998821257525674,2.10546465280213
-1.4998831748417922,2.110193930930308
-1.4998841326855952,2.11492389309653
-1.499885335274322,2.1196440884209435
-1.4998866872450274,2.124539123842615
-1.4998882051972569,2.129435481143869
-1.4998901003228633,2.1343084809595454
-1.4998916689853945,2.139350294477773
-1.4998932646027152,2.1443897643755845
-1.4998947993852634,2.1493960912051087
-1.4998963312585143,2.154560040680663
-1.4998981477989524,2.1597286705219094
-1.499899709242701,2.164845235141203
-1.4999011089233079,2.1701148538314317
-1.499902205139526,2.175387919564393
-1.499903535944688,2.180598746658031
-1.4999046757473422,2.1859541767834334
-1.4999055318254824,2.1913132488770506
-1.4999065304381423,2.1965983372363
-1.4999075357168103,2.2020208646299255
-1.4999084775753735,2.207446063726241
-1.4999093978353855,2.2127875329702125
-1.499910311824548,2.2182564985589
-1.4999111670386702,2.2237282698456755
-1.4999120136250697,2.2291045530334097
-1.4999128593478597,2.234603179619969
-1.499913871568758,2.2402194274775136
-1.499914576314261,2.245838076985138
-1.499915221150134,2.251337480018241
-1.4999160130637899,2.2569380605469065
-1.4999165635039677,2.2625406247355424
-1.4999171085727898,2.268014113465596
-1.4999175485855285,2.2735789001297033
-1.4999179095935744,2.2791448568044252
-1.499918256243741,2.2845762209631975
-1.4999185791871512,2.2900875545259134
-1.4999185308459406,2.29559928388633
-1.4999189648313698,2.3009688579517698
-1.4999191704595403,2.3064087203093186
-1.4999192822231957,2.3118486941789698
-1.4999193205415782,2.317138311277255
-1.4999194965142129,2.322488080903077
-1.4999195966431447,2.327837677721679
-1.499919637008421,2.3330293747100797
-1.4999197174404204,2.3382693523271243
-1.4999197071602892,2.3435097056205723
-1.4999198493341945,2.348584340070263
-1.4999201074490982,2.3536956423188937
-1.4999199975673256,2.35880703199843
-1.499919866163196,2.3637455972953925
-1.4999201522158616,2.368708801367201
-1.4999200713907368,2.3736955233231813
-1.4999196745963945,2.378682258617465
-1.499919565443348,2.3834779992991986
-1.4999194678551113,2.388275980184978
-1.499919307657613,2.393073006336884
-1.499919226263917,2.397675315541608
-1.499919111018514,2.4022645791378605
-1.4999190386297334,2.4068551935514706
-1.4999189015399008,2.411243967187968
-1.4999191313783278,2.415609321692843
-1.4999188279063234,2.4199726968310666
-1.499918545248817,2.424131840666187
-1.4999183837188457,2.4282533698536946
-1.4999182529089963,2.43237460138853
-1.4999181388175626,2.4362861260156694
-1.49991801311277,2.440144238280493
-1.4999178615607311,2.44400210665421
-1.4999177302651525,2.4476472823568693
-1.4999178169665144,2.451227425876236
-1.4999176450267013,2.454803456258098
-1.4999175373161604,2.458165526853804
-1.4999175678087757,2.4614423880997083
-1.4999172231777502,2.4647218173723373
-1.499917480441636,2.4677785916876167
-1.4999170894362612,2.47073920082152
-1.4999174157503388,2.4735975400145036
-1.4999172463630175,2.4764527185516556
-1.4999172414915733,2.4790798660593074
-1.4999171603604633,2.481580137718109
-1.4999171841751349,2.484084960277686
-1.4999171148432344,2.486351475258898
-1.4999171768848734,2.4884830169106316
-1.4999169776490187,2.4906078179495905
-1.4999169693847614,2.4925055607504416
-1.4999168950692638,2.4942403549953087
-1.4999169672381159,2.4959763161965234
-1.4999166823564214,2.497479920063637
-1.4999167968195883,2.4988025016911126
-1.4999166820872532,2.500132366020601
-1.4999166716937158,2.501216947062286
-1.4999166603019993,2.502117963604901
-1.4999166578064336,2.503011338550968
-1.4999165959850296,2.5036705021393257
-1.4999166671964212,2.5041204663805625
-1.4999166346507458,2.5045643627147944
-1.4999166390231784,2.504777885655562
-1.4999155782144902,2.5052683522245873
-1.4999159493638767,2.5066672525501095
-1.4999173870530391,2.5079604951148213
-1.4999243287782422,2.5096436069270736
-1.4999375317962582,2.5117665327389074
-1.4999412788261282,2.514000293948819
-1.4999416762167046,2.5162353635369805
-1.499942230627696,2.518422971907999
-1.4999167559481659,2.5205389983617588
-1.4998718695434472,2.5225804472377447
-1.4998393883879388,2.524550725567556
-1.4997919132967252,2.5264466004198
-1.4997083674772786,2.5282714829976847
-1.4995666162157382,2.530019353378822
-1.4993922998259166,2.531693643498865
-1.4992000634575668,2.533289484156983
-1.4989895288632356,2.534799767315248
-1.4987639683305851,2.5362052752318607
-1.498547805152353,2.5375314719138036
-1.4983314538419608,2.5387705828768894
-1.4981027986408408,2.5399305681748894
-1.4978717131346837,2.541006676791767
-1.497636558572953,2.5419971747913843
-1.497398782371366,2.54290742532269
-1.497167571426151,2.543730816928007
-1.4969416350047868,2.544468364401461
-1.4967214559788389,2.5451213482233577
-1.4965165877915898,2.545689228546293
-1.4963300961300503,2.546168346851161
-1.496161941528924,2.5465630075317423
-1.4960262373457667,2.5468665306822516
-1.4959125772044233,2.547090538494139
-1.495830295949852,2.547248525110572
-1.4957753942299763,2.5473363644836424
-1.4957688757295755,2.547360965407494
-1.4957810789595958,2.547349868101875
-1.4958009988884544,2.5474001031136666
-1.4957712415606996,2.5474720330902163
-1.495727894300629,2.54754841826323
-1.4956911661786418,2.5476001914732525
-1.4956544994213716,2.5476023627343585
-1.4956045880257087,2.547634779244475
-1.4955319679555754,2.547677412062168
-1.495488524162219,2.5477199851956374
-1.4954676480369915,2.547760896814632
-1.495434682759651,2.5478030132848843
-1.495392768770532,2.5478409065402237
-1.4953453336072038,2.54786944165842
-1.4952973555749993,2.547909199358325
-1.4952454702765252,2.5479387989573383
-1.4951960871604348,2.5479653206063015
-1.4951457545285434,2.5479926106154314
-1.4950933289856934,2.5480205532347306
-1.4950415978335496,2.5480459806033813
-1.4949888722118558,2.548052774364371
-1.4949532940085666,2.548062350869068
-1.4949104708475616,2.5480731010590802
-1.4947214243965274,2.548087755661815
-1.494569763778521,2.5481288852062467
-1.4945154075222429,2.5482083184220103
-1.4945342739520622,2.548335220962902
-1.4946158872054256,2.5484657990630777
-1.4947524916446295,2.548582007578412
-1.4949412458676985,2.5486907144981394
-1.495174873844914,2.548774785824982
-1.4954504517083924,2.5488386300221877
-1.4956868503999834,2.548876919919011
-1.4959922698290002,2.5488643942977562
-1.4963084927516128,2.5488035658411494
-1.4965634338114435,2.548694944476125
-1.4967949051384195,2.548609813354513
-1.4970523532249513,2.548531458401572
-1.4971496596096798,2.5484365085421623
-1.4971198438665516,2.5483416795417986
-1.496991328343271,2.548335718088668
-1.4966217424411605,2.5483337829916706
-1.4961749099947972,2.5482720764148086
-1.4954815888450173,2.5481322190864484
-1.4946217846334722,2.54794646297998
-1.4935137013347666,2.547695494367957
-1.4923281596766884,2.5474143793615838
-1.4910323256886058,2.5470944309839036
-1.4894756914727105,2.546698877389285
-1.48785002667342,2.546271827636199
-1.4860980931085772,2.545800099391111
-1.4840926323531485,2.5452457545647382
-1.4820184650578818,2.5446647819211394
-1.4798281833391396,2.5440446213214396
-1.4773804502523642,2.543346046065525
-1.474867458554967,2.542626428740766
-1.4722347173889045,2.5418692057551193
-1.4693369243543006,2.541035704372629
-1.4663734350604924,2.5401887033467587
-1.4632950821347475,2.5393189605338424
-1.4599355826885572,2.5383725105287684
-1.4565090797258515,2.537421837551431
-1.4529638550333,2.5364607392781755
-1.4491387116369305,2.5354442285910292
-1.445239073754546,2.5344308435844587
-1.4412006079221908,2.533408831528877
-1.4368751916151106,2.532353305125559
-1.432249106704544,2.531265671973553
-1.427554376148212,2.530210068403535
-1.4227312903493716,2.5291790336796227
-1.417605294351201,2.528138421342934
-1.4124064069797102,2.527148502570683
-1.4070702430760114,2.526201393797572
-1.401438526424487,2.5252838454928135
-1.395742566137085,2.5244361860808286
-1.389971126047074,2.5236609762606306
-1.3841885163318222,2.5229498483885355
-1.3784634956137432,2.5223318959950967
-1.3729431720165488,2.5218003583139383
-1.3673379813871185,2.5213308096560882
-1.3616728412451675,2.5209410494769906
-1.3561883294799604,2.520623722373224
-1.350598574741014,2.5203632120214623
-1.3449404072507085,2.520166346135258
-1.339462966157844,2.520034366915821
-1.3338898563581498,2.5199507676067063
-1.3282401576522973,2.519913483056719
-1.3227658666414301,2.519917382238365
-1.317188191679632,2.519957635781327
-1.311541355050631,2.5200303655170835
-1.3060551805278844,2.5201275403866643
-1.3004618920749267,2.520242271163428
-1.2947434941135205,2.5203778608177916
-1.2889609234826673,2.5205268738844837
-1.283324755807195,2.5206791066407166
-1.2775776203050548,2.520836045231888
-1.271753951789135,2.520994785627556
-1.2660650856671847,2.5211405759506547
-1.260240115876809,2.5212803161823905
-1.254358094248814,2.5214008805923886
-1.2485748889142727,2.521499769082726
-1.2426593499307381,2.5215725041892836
-1.2366832505924281,2.521612435200246
-1.2307856161299797,2.52161868323108
-1.2247555940222283,2.5215826717189276
-1.2186804675591225,2.5214993180055063
-1.2127373512447799,2.5213671990947746
-1.206769409675918,2.521179337253762
-1.2009056444080548,2.5209410443674503
-1.1952280714460017,2.5206635351352844
-1.1895380092067,2.520346440196047
-1.183778499339572,2.5200017256060767
-1.1781876764991106,2.519641427007464
-1.1725591849768107,2.519259243245056
-1.166886791636642,2.5188597000113107
-1.161416191065142,2.51845786723062
-1.1559733233411211,2.5180401699029216
-1.1505332551254634,2.51759998720485
-1.1450524801174147,2.5171370043283723
-1.1397829174195289,2.5166643689686428
-1.1345200781862526,2.5161775671997013
-1.129265990408686,2.515680255737751
-1.1242182897593422,2.515189616448334
-1.1191810025077447,2.514693857558951
-1.1141441361351752,2.514187899982382
-1.10932017584739,2.5136874956485156
-1.1045147470718113,2.513179876064132
-1.099710525703538,2.5126630417126172
-1.0951222441304465,2.5121583161359062
-1.090564292117694,2.5116545412461644
-1.0860075322938585,2.5111427635174293
-1.0816686268605487,2.5106490223486233
-1.0773722088811775,2.5101581435152345
-1.0730762105964582,2.5096636111012987
-1.0689991699319845,2.509187290110811
-1.0649781576496395,2.5087185576684554
-1.0609588920954096,2.508245934041408
-1.0571589842740585,2.507794346848171
-1.0534309154287527,2.507352198943248
-1.049700508346106,2.506907823378709
-1.0461950087811867,2.506487146417452
-1.0427736689982923,2.506078088162697
-1.0394361044153737,2.5056777521579683
-1.036102746707013,2.5052763802545046
-1.0329975430325151,2.504898531563371
-1.030003923552237,2.5045360882567222
-1.0270069560454063,2.504174974995309
-1.024248497745855,2.503835968601679
-1.0216081917116895,2.5035133943475554
-1.0189704118321163,2.5031937125272425
-1.0165674394832451,2.5028969945983186
-1.0143004493707217,2.502618818562234
-1.012038668559878,2.50234400728062
-1.0100053560282571,2.5020918542233446
-1.008134389813673,2.501858947500417
-1.006255699111103,2.5016291731548743
-1.004620918499507,2.5014225494366427
-1.0031487829787717,2.5012371110026197
-1.0016856188948267,2.5010548399892962
-1.0004498899105372,2.500895710115637
-0.9994108058652029,2.5007595965943876
-0.9983654371455288,2.500626085166866
-0.9975587764236314,2.5005155164332615
-0.996952370950005,2.5004294082513976
-0.9963484175311156,2.5003454232498967
-0.9939628763931587,2.500043759918997
-0.9916890162731814,2.4997906311056632
-0.9898754681205336,2.499555227660324
-0.9877465070070116,2.49935957547304
-0.9859663421664709,2.499261545032969
-0.9853415119132175,2.499170146719971
-0.9844958223640964,2.4991352980882082
-0.9835320197940229,2.4991306185815105
-0.9827057387670171,2.4991346745185345
-0.9819579868222319,2.4991380491541366
-0.9813014416458501,2.499156221292498
-0.9807390422021516,2.4991833936022663
-0.9802513561217052,2.4992294137076914
-0.9798986202335125,2.4992935408024364
-0.9796432312860044,2.499368501996356
-0.9794646413688297,2.4994372669378255
-0.9794324366014953,2.499493896491357
-0.9794946930627937,2.4995363006626587
-0.9795808510895413,2.499573909820019
-0.9796205000000726,2.4996006701592473
-0.9794552087070004,2.4995920915705794
-0.9792760778654909,2.499586340654638
-0.9788956414744174,2.499573812210261
-0.9784283211115326,2.4995585525360924
-0.9780214387662328,2.499545346617639
-0.9774239759514312,2.4995273978285684
-0.9765868502560714,2.499505880453194
-0.9755619518270393,2.4994828967946443
-0.9745213729638987,2.4994606590522777
-0.9733682444440032,2.4994382039022534
-0.9720123270675097,2.4994158478710986
-0.9706070366124929,2.4993953273134575
-0.9690466956842868,2.499375850021091
-0.9672097567885609,2.499355883275525
-0.9653832741497871,2.499342975500265
-0.963427375812589,2.4993370182864885
-0.9611836045326186,2.499334597093778
-0.9588986886826704,2.4993365694926437
-0.9564892337635525,2.4993424871935237
-0.9538872211799444,2.4993449487162307
-0.9512714322934807,2.499343176250897
-0.9485010729923172,2.4993401878740213
-0.9455014924359417,2.4993366263541312
-0.9425141601937446,2.499334285960377
-0.9394254892190232,2.499336579757834
-0.9361122758038903,2.4993448984391264
-0.9328004636111767,2.499356315893274
-0.9294009390900908,2.4993668144336842
-0.9257837583961458,2.4993749523612876
-0.9221651494409776,2.4993817062533084
-0.9183298914785825,2.4993896453868882
-0.914430312179763,2.4993995584561586
-0.9103261682021765,2.4994127209694352
-0.9062212931804787,2.499426814492959
-0.9020791804650256,2.4994398327244443
-0.897738665389147,2.499451954360682
-0.8933987951011358,2.499463591033764
-0.8890349162949223,2.499475045598373
-0.8844843033068083,2.499487962744848
-0.8799287157315051,2.499501741720733
-0.8753716250450624,2.49951564450144
-0.8706266499523015,2.4995295892182856
-0.8658828118985774,2.4995425946665817
-0.8611482588745016,2.4995551462319527
-0.8562328714141285,2.499567977105815
-0.8513206940042877,2.4995809386742645
-0.8464306740570647,2.49959384344366
-0.84137085005646,2.499606758435091
-0.8363101762176454,2.4996192155756187
-0.8312836081349901,2.4996308597108294
-0.8260975655372776,2.499642489134779
-0.8209107677039811,2.4996538291348145
-0.8157743181790049,2.4996647604501776
-0.8104854325339906,2.4996756483331306
-0.8050395459064758,2.499686476971956
-0.7995964392278317,2.4996970260338673
-0.7942306130194299,2.499707160733058
-0.788727837336011,2.49971686553082
-0.7832271749522716,2.499726437780774
-0.7778154266212707,2.4997357348135054
-0.7722745494057822,2.4997447634064898
-0.7667367372764742,2.4997536261534914
-0.7612967709088301,2.4997618908125725
-0.7557417096470563,2.499769980798398
-0.7501832850172259,2.4997778300851845
-0.7447372639011486,2.499785426634858
-0.7391844885339804,2.4997928285998254
-0.7336312778251473,2.499799970327915
-0.728197611027981,2.4998067347880335
-0.7226672975354803,2.49981332607643
-0.7171361656209496,2.499819444538707
-0.7117348105576923,2.4998254171049656
-0.7062477248783595,2.4998311808608285
-0.7007609102575896,2.499837055001066
-0.6954120743570098,2.499842425515709
-0.6899900858094283,2.499847780217068
-0.6845666522707934,2.499853049782607
-0.6792920655122796,2.4998580780429567
-0.6739541702911555,2.4998630969223923
-0.6685550769597836,2.4998679605568994
-0.6631561579893225,2.4998728818164304
-0.6579257738306988,2.499877546193929
-0.6526560656114753,2.4998818848401805
-0.647386281139547,2.4998862513668185
-0.6422925666329782,2.4998903707327544
-0.6371715366724956,2.4998945743042937
-0.6320503710153532,2.4998986684018702
-0.627112134813908,2.499902595453103
-0.622159208834333,2.4999062957686258
-0.6172066853611075,2.499909974217564
-0.6124429124779958,2.4999135949224
-0.6076789122499906,2.4999171911877296
-0.6029141598635405,2.499920775295414
-0.5983442985287223,2.499924237394107
-0.5937879319368715,2.4999276614958217
-0.5892315919423982,2.4999309692636857
-0.5848750991397231,2.499934155393161
-0.5805460475072154,2.499937218798779
-0.5762176406734071,2.4999403558939406
-0.5720933974964209,2.4999433827203847
-0.5680132927154371,2.499946332024332
-0.5639311605462333,2.4999493518872202
-0.5600626125029083,2.4999523256739855
-0.556247511919816,2.49995500203369
-0.552496429659134,2.4999576262354566
-0.5487446671724775,2.4999601857347566
-0.5452165335728608,2.499962715503231
-0.5417713807357498,2.4999651470727753
-0.538328774685714,2.49996774095919
-0.5351128589473171,2.4999700687266455
-0.5319960188790386,2.4999723759314656
-0.5288824621756629,2.4999745705045777
-0.5259954088294703,2.4999766889150163
-0.523230556774543,2.499978676005158
-0.5204601433826861,2.499980635184756
-0.5179275728837535,2.499982518740129
-0.515526429568671,2.499984196542123
-0.5131249562533949,2.4999859462947507
-0.5109614145569443,2.4999874022259587
-0.5089481846874478,2.4999888596986386
-0.5069351483966319,2.4999902073859483
-0.5051611071820089,2.4999915540148185
-0.5035547019609665,2.499992610486318
-0.5019523253932511,2.499993694629904
-0.5005831266796995,2.4999946665135444
-0.49940787454651087,2.4999954638679607
-0.49822992636424096,2.499996312320209
-0.49729227802490894,2.499996932637294
-0.4965653412498482,2.4999975029589088
-0.4960476131514372,2.4999978098481126
-0.49553357140662413,2.4999981920381202
-0.4952641130993533,2.499998313641169
-0.4952272560193702,2.499998406194061
-0.49519536554041677,2.4999986245020134
-0.49519487569630233,2.499998928943057
-0.4945355234374211,2.5000021799249668
-0.49294086635801415,2.500010557876905
-0.4908655382488329,2.5000235680481913
-0.48856612850451697,2.5000388758954823
-0.4862454028203746,2.500053979309597
-0.4839839012918877,2.500048449427271
-0.48177071642849356,2.5000355911125216
-0.47962168597019594,2.5000337296388655
-0.47754458049605447,2.5000326578484016
-0.4755390871895586,2.5000638832706583
-0.47360252175164064,2.500088825053804
-0.471741893661882,2.500119375119645
-0.46995743822911046,2.500192862794472
-0.4682511798570209,2.5003342199710357
-0.466619873629763,2.5005126718419373
-0.465099251281783,2.5007102388897113
-0.4636709524430679,2.500922593514853
-0.46232306614031143,2.5011528170116537
-0.4610621165945027,2.501372946755386
-0.4598849620853332,2.501580880190242
-0.4587893452791438,2.5017973401537916
-0.45777996004640525,2.5020151995888713
-0.4568540330795634,2.50223497175858
-0.4560179240237075,2.50244937781205
-0.45526344301193,2.5026634425339482
-0.4545994153391798,2.5028668517471067
-0.4540204746892701,2.503060262368447
-0.45353600648444803,2.503232313643788
-0.4531379952393271,2.5033889392281727
-0.4528350592914965,2.50351133762534
-0.4526153567626873,2.503612444716847
-0.4524887831001117,2.5036720156101104
-0.45244483611263236,2.5036921537705403
-0.45248090605075764,2.5036652637825885
-0.45256160016883507,2.5036020235510974
-0.45267742041846504,2.5035182594124183
-0.45274301634497965,2.5034101576764094
-0.4527711999626415,2.5033647608220373
-0.4527891469826166,2.5033220179959583
-0.4528153965785341,2.5032823342172703
-0.45287006714066985,2.503241660945826
-0.45294041249803396,2.503195933500524
-0.4529706350149716,2.5031897842703303
-0.4530018562522379,2.5031600910406473
-0.4530317184481257,2.5031021443142643
-0.4530621938612319,2.5030156704616324
-0.45309641944260576,2.5029609137982907
-0.45313512758494306,2.5029087442964273
-0.45316282337826536,2.5028540860301614
-0.45317670848140634,2.5027986454564193
-0.4531954595779654,2.5027412736467975
-0.45321463238232035,2.5026855254007017
-0.45323276802401596,2.502628800961247
-0.4532513375788057,2.50257033330828
-0.4532676023416682,2.5025140770479912
-0.4532854296271243,2.502505727245363
-0.45330764601365314,2.5023040106847145
-0.4533169853685927,2.5020077712279907
-0.4533374866603856,2.5016040998106823
-0.45337227476380626,2.5010946176261872
-0.45338513070845377,2.5005037341005236
-0.4533507819966148,2.499843335168625
-0.45328858404824346,2.4991186541346866
-0.4532264404741526,2.4983309815576296
-0.45316519868886795,2.497493746933741
-0.45311487350263296,2.496732646893833
-0.45308185141666146,2.495990232986374
-0.4530747176711593,2.4952834319960915
-0.45310364804321124,2.4947077022175854
-0.45326226983199724,2.4943306051121796
-0.4534163194174061,2.4940926056199477
-0.45353882845375243,2.493902317646558
-0.45366089130382786,2.493914455954681
-0.4536593332298492,2.494014329033669
-0.4536380330372795,2.494192837654916
-0.453674062171381,2.494631683958666
-0.4537848760918437,2.495151726693385
-0.45393009050715816,2.4957999979007726
-0.4541470722483339,2.496705051947141
-0.4543978634223911,2.4976922030872033
-0.4546805235043145,2.4987774156324347
-0.45505220943388003,2.5001232200450287
-0.4554515540809212,2.501542303793966
-0.4558992752045802,2.5030664310545974
-0.45643422633028596,2.5048474728980596
-0.45699870712305285,2.506696939814547
-0.45760750492739405,2.5086523306115516
-0.458306490112798,2.5108571369731636
-0.45902651911738307,2.513120884338784
-0.45979603871450914,2.5154963047326278
-0.46064772891095523,2.518121391242015
-0.4615213757844756,2.5208090435201216
-0.46242964582195895,2.523603673576452
-0.4634225838017643,2.5266616882565094
-0.46449265364435216,2.529981864450392
-0.4655729826230288,2.533371076691
-0.4666819478620707,2.5368736769623585
-0.46785156606939865,2.540637497724307
-0.4690212797599873,2.5444760010654504
-0.47019716769308306,2.5484249053000725
-0.47142477268419225,2.5526550974706597
-0.4726380905547503,2.5569607081724572
-0.47385437524187585,2.5614012858570825
-0.47509303063670294,2.566124968587472
-0.47630062260859346,2.570923634078323
-0.477485284371783,2.575857162981631
-0.4786814192798847,2.5810991502540355
-0.4798248359967289,2.586414995910498
-0.4809216249943884,2.591871518791123
-0.48199676129326496,2.597637869937587
-0.4829951705646595,2.603477232702139
-0.48392225251498694,2.6094623611185472
-0.4847935026395115,2.61575434983203
-0.4855609412401016,2.622085824870153
-0.4862193071992068,2.6282874379366334
-0.4867751650513551,2.634409648356658
-0.48722171209132237,2.6405105631626395
-0.4875637200222762,2.6463576198160275
-0.4878191204554584,2.652273063625912
-0.48798324790163194,2.658239272113423
-0.48805867732746505,2.6642674821912458
-0.4880582508073802,2.670055494863047
-0.4879934786626858,2.6758867799619757
-0.4878510639330668,2.681784544992972
-0.48764873784896223,2.6874398244031674
-0.4873899704127381,2.693143404424227
-0.48707840150095594,2.6989163004341448
-0.48673150303795487,2.7044613734948375
-0.48634234759321393,2.710067012476233
-0.48592753318094095,2.715741224599836
-0.4855054580990087,2.7212059762689664
-0.4850544533675782,2.726753406349779
-0.4845928571257675,2.732365567609667
-0.48413570447264326,2.737799825767964
-0.48366389046853997,2.7433406403823692
-0.483184580413526,2.7489505739911735
-0.482725188994293,2.7543958676917266
-0.4822636727104023,2.759941293591565
-0.4818163227793538,2.76555326367335
-0.48139675567406176,2.7710435861616416
-0.48099082696646045,2.7766526191879595
-0.4806130653224441,2.7823273107513273
-0.4802728012689272,2.787907882144306
-0.47996988371047494,2.7936061844177895
-0.4797033377639915,2.7994401032032594
-0.47948975329089283,2.805336686080868
-0.4793312410457478,2.8111542793046076
-0.4792322536660084,2.8170886828819763
-0.47920123098164763,2.8230698467472
-0.47923460992341954,2.8289364285475633
-0.47934433384532027,2.834800742928957
-0.47952498533917765,2.840555846797596
-0.479730665181037,2.845704195904475
-0.4800071956855096,2.8508518188555763
-0.4803395321160778,2.855907100765915
-0.48071138234211486,2.8609252057200436
-0.4811272553611422,2.8661411259412533
-0.48157693177655947,2.871501432698321
-0.4820417336403426,2.876734990434914
-0.4825221215123737,2.8819279276145133
-0.48302074044900256,2.8871522440233868
-0.4835168717527907,2.892168303762035
-0.4840250363511806,2.897092023525434
-0.48455515753399114,2.9020049522828217
-0.4850863760450725,2.906707781019056
-0.48562864591544946,2.91134027760619
-0.48618314924831274,2.915972571298143
-0.48674294874966967,2.920556597707842
-0.48728636538663533,2.9248976847595203
-0.48782538305535844,2.9291688693610243
-0.4883707110293867,2.9334397963322694
-0.4888999955693973,2.937465971320843
-0.48942409834895134,2.9414111971184984
-0.4899538584918628,2.9453554639432613
-0.4904618799453674,2.9490564663948455
-0.49095674287949187,2.9526665649834496
-0.49145321352919613,2.9562762770994047
-0.4919251558436599,2.959642542235154
-0.4923835197522281,2.96290612185243
-0.4928432036484401,2.9661660486886214
-0.493277796111112,2.9691876117211913
-0.49369400864777185,2.9720896559889023
-0.49410765377394766,2.9749912844592754
-0.4944945491941275,2.9776517500626336
-0.49486166141356813,2.9801793088212394
-0.49522692329639306,2.9827030937671255
-0.49556502505405486,2.984992236946582
-0.4958812978012188,2.9871291140679577
-0.4961948395007271,2.989264678003694
-0.4964809593898683,2.991163405209358
-0.4967429819856363,2.9928932507246984
-0.4969825244591924,2.9944601681488385
-0.49722004836524614,2.996017708492167
-0.4974300379056576,2.997341360550861
-0.4976120084426726,2.9984671729190056
-0.4977917794979242,2.9995959595323147
-0.49794396595573864,3.0004870365001084
-0.49864919357890797,3.005480243710842
-0.4993440799196419,3.0095411389901576
-0.4998758672207163,3.012826119630394
-0.5002156592546019,3.015268287375825
-0.5004459584356883,3.0174597414012956
-0.5006448082502964,3.019563687811138
-0.5008344921439264,3.020480699827626
-0.5008866390456885,3.02055317373955
-0.5008328323618535,3.0209727801914323
-0.5008433278988483,3.0216908305235943
-0.5007910746576707,3.022563561664522
-0.5007294177620424,3.0236287463118843
-0.5007062732905405,3.0250137776684256
-0.5007121172326626,3.026688255664262
-0.5007187882353865,3.0284126264932776
-0.5006916638816354,3.029926342410378
-0.5005931590833559,3.031333938633715
-0.5004154901712107,3.032669630387128
-0.5001789031024263,3.0339262511390186
-0.4999288917398483,3.0350995659037356
-0.49968387938705294,3.036204668507106
-0.4994527174132549,3.0371929325570735
-0.499241333403539,3.0380749595464396
-0.49906481412349557,3.0388841855672
-0.4989221961947969,3.0395291604924797
-0.4988142819929564,3.0400483281621704
-0.49872668950552784,3.04048573251506
-0.49866749406237404,3.0407190468582197
-0.49863173242213726,3.0408107154279986
-0.4986022459224656,3.040843472847406
-0.49862509453316056,3.0407446470720894
-0.4986477998664862,3.040860209457041
-0.49866131397841645,3.0411153508843163
-0.4986778530042342,3.0415142192765736
-0.49869382144385,3.0419421244274454
-0.49870757651916214,3.0423058599194737
-0.49871231985819925,3.0423845437578687
-0.49872946559303244,3.043013338849729
-0.49874260531799497,3.04376996288845
-0.498753527087213,3.044695099581248
-0.49875987073184747,3.0458546268939135
-0.49875880037256953,3.047023232176921
-0.49875291969837016,3.048310998442226
-0.498744552948584,3.0497899544148517
-0.4987305484671858,3.0514667851371247
-0.49871290591438805,3.053166539974167
-0.49868951761175595,3.054957767304215
-0.498658465381429,3.056854946234642
-0.49862618638869977,3.058773090849552
-0.49858289700789754,3.0607420253166913
-0.49852610719226725,3.0628638223870177
-0.49847267954415847,3.065061741284032
-0.49842297310642714,3.067408634882795
-0.4983763702347664,3.070130285806535
-0.49834038295125904,3.0728439080109182
-0.4983145847223214,3.0755616774448566
-0.49830030239757384,3.078487387250284
-0.49829459591840686,3.081465462225917
-0.4982958361288511,3.084577087920266
-0.49830073799560237,3.0879597291103917
-0.4983055378691095,3.0913846746820983
-0.498305796797245,3.0949195007776344
-0.49830454906914046,3.0986270351158156
-0.49830771055409323,3.102299524386086
-0.49831639040439746,3.1060666871132105
-0.4983309255348418,3.1100841659566125
-0.49835032200310375,3.1140742569415742
-0.498367893606324,3.118104384249934
-0.4983868590279389,3.1223504560254334
-0.49840326790297873,3.126819709184989
-0.4984195596808822,3.1312806518686584
-0.4984394999033198,3.1357611148262237
-0.4984656706178085,3.140432604754939
-0.49849488390534547,3.1451040874285083
-0.49852432828714216,3.149779803323226
-0.49855324590005723,3.154637023809877
-0.4985801717544749,3.159499659009933
-0.4986072017099196,3.1643441417851506
-0.498635747932055,3.1693678362726025
-0.4986661967942557,3.1743887056670306
-0.49869743930606714,3.179382877499187
-0.49872931813751376,3.1845415368136707
-0.4987601254949998,3.189701434602167
-0.49878985487052296,3.194819608403165
-0.4988197988503773,3.2000944881324838
-0.49884979326981865,3.2053689397518146
-0.49887991746557636,3.210586421628624
-0.49891059222013506,3.2159519774048357
-0.49894105115426507,3.2213177239262567
-0.49897042538746444,3.2266133815510614
-0.49899971590226005,3.2320475392110244
-0.49902840221836525,3.23748042401961
-0.4990564878134379,3.242828336391673
-0.4990849288100209,3.2483059400620937
-0.4991133847649974,3.253906994374884
-0.4991413538012081,3.2595109564951787
-0.49916823212182626,3.2650011605992098
-0.4991945887116121,3.270596808028327
-0.49922046772855255,3.2761939563974947
-0.4992453229676425,3.281666025641592
-0.49926986402172,3.2872344230020727
-0.4992939934766639,3.292801544928533
-0.4993171549272552,3.2982351145936675
-0.4993398419648007,3.3037513088950066
-0.49936212494078763,3.309269106852317
-0.49938348318215375,3.3146422808656615
-0.49940455294203207,3.3200855172340353
-0.4994251838844432,3.325530074173687
-0.4994451718519191,3.330821459699034
-0.4994647942900203,3.3361696791565802
-0.49948406211619567,3.3415189861249743
-0.4995024394479099,3.346705717006523
-0.49952050803047016,3.3519369023886365
-0.49953821097965817,3.357167849891626
-0.4995551721447968,3.3622283857441793
-0.49957173768746,3.36731911032422
-0.49958801602269365,3.372409853307466
-0.4996035521071725,3.37732166912669
-0.4996186888856416,3.3822497622644487
-0.49963364245156994,3.3871913142893835
-0.49964827699817604,3.3921330058292076
-0.49966230923818356,3.39687527119155
-0.4996759825963127,3.4016080646714872
-0.49968941113176396,3.406339959763057
-0.49970231431859274,3.4108667673450017
-0.4997148572160925,3.4153680982961143
-0.49972732545511145,3.4198692315558152
-0.49973916978704475,3.4241595896793844
-0.4997507584209784,3.4284077011199567
-0.49976229445553655,3.432655889346767
-0.4997731262623388,3.436688186071259
-0.4997836307458959,3.4406614826691704
-0.49979400773799776,3.4446363167715823
-0.4998038285802202,3.4483863327368054
-0.49981330006023866,3.452066382725339
-0.49982266914458334,3.4557417797603995
-0.4998315534221031,3.4591936784366153
-0.49984015407246996,3.4625523797480406
-0.49984855859310195,3.4659129334220533
-0.49985642691623094,3.4690387102043623
-0.49986398349199523,3.4720597212614046
-0.4998714885997277,3.475078157557809
-0.4998784688687353,3.477859483555564
-0.4998850289449931,3.4805185801597878
-0.4998912189152934,3.4830395878240523
-0.49989731126120335,3.4855660932286843
-0.49990284193122075,3.4878395311924573
-0.49990797092849426,3.489962812119414
-0.49991295083254633,3.492081454335978
-0.4999171913024031,3.4939523798740937
-0.4999210423816746,3.495645564671311
-0.49992481888120227,3.4973427891718276
-0.4999281196192645,3.498784016284856
-0.4999309316366915,3.5000274458666945
-0.4999337354935981,3.501278094249985
-0.4999361470852328,3.5022685394690045
-0.4999378025237565,3.5030483163127797
-0.49993928651882985,3.503825317202843
-0.49994038306068384,3.504345318282494
-0.49994081101522486,3.504632583220943
-0.4999410130922926,3.504918865684367
-0.49993825868622893,3.505245836574805
-0.4999315016456446,3.50519387391765
-0.49992261038034097,3.5051679952961194
-0.49992065475851166,3.5052222892934255
-0.499924847283725,3.505501165103372
-0.49993219365092206,3.505733533576573
-0.4999411993633418,3.5061729408632885
-0.499941747152783,3.5068688679011157
-0.49994077782912083,3.507853030407321
-0.49994043424341184,3.5088329947805112
-0.49993715189886506,3.5099874778071087
-0.49992958606098786,3.5113861414302083
-0.499924122260741,3.5127980873390285
-0.49992479117631244,3.514392219047689
-0.4999294550956761,3.5162188730049424
-0.4999338187668845,3.518047545520544
-0.4999330206848069,3.520036363225683
-0.4999311459813143,3.5222577007099214
-0.49992879198110474,3.5244792952879136
-0.4999265387799954,3.5268411651243876
-0.4999255390039645,3.5294304090506032
-0.4999267863502071,3.532018604743269
-0.4999281164913841,3.5347294138762946
-0.4999274527859174,3.5376613013353393
-0.49992633227172895,3.5405948281395245
-0.49992474279177074,3.5436309285136716
-0.4999230515536388,3.546885205409136
-0.4999221634319587,3.550140642370164
-0.49992241265495774,3.553480345023537
-0.4999228981624912,3.557033209500585
-0.4999229221834385,3.560588131509568
-0.4999223481656963,3.5642124899323187
-0.4999216476293074,3.5680410336951867
-0.49992105444411533,3.5720765716018876
-0.49992082598377574,3.5761154422208565
-0.49992103973103147,3.580189778205517
-0.49992123370818314,3.584458626514378
-0.4999213253124619,3.588730964017055
-0.49992113582328945,3.5930214616439797
-0.4999207535485616,3.59750504514664
-0.49992045804816376,3.6019883802964814
-0.4999203081363405,3.6064777569051087
-0.49992020800717385,3.6111511242163705
-0.4999201490861037,3.6158255606336054
-0.4999200911741464,3.620494155803451
-0.49991993612083946,3.6253410924367286
-0.499919842344329,3.630188279421328
-0.49991981972579247,3.635013775058099
-0.49991998222619966,3.6400094744246423
-0.49992011782967144,3.645006950481524
-0.4999202241276056,3.6499729962612846
-0.49992019864096665,3.655098986626026
-0.4999199372729307,3.6602284855123206
-0.4999200871420797,3.6653101094525535
-0.49992017293834223,3.6705494867250175
-0.4999201399953951,3.675786439501068
-0.49992015676825086,3.6809697830793815
-0.4999201014391796,3.68629880261983
-0.4999200428992708,3.69177350641326
-0.49991997687357437,3.6972499886603707
-0.49991995171031123,3.7026436509207987
-0.4999198564909903,3.708165423183095
-0.49991972283729375,3.713688244425244
-0.49991970312080886,3.719118832791112
-0.49991960392352214,3.724668391848371
-0.49991946489419953,3.730220997496612
-0.499918964091861,3.7356679952050307
-0.49991887031629345,3.741226559429788
-0.49991880367558855,3.746787449046315
-0.4999185686626666,3.7522334769457784
-0.49991844507293454,3.7577825662740802
-0.4999182994065206,3.763334173532412
-0.4999181664123624,3.7687608058091695
-0.4999181418507304,3.7742823853504275
-0.4999179389399171,3.7798037159850573
-0.49991778777693147,3.785193109749601
-0.4999176523547533,3.7906664446634544
-0.49991769952788945,3.796140969173812
-0.4999176158152324,3.8014740182621547
-0.49991725022274336,3.806880571434556
-0.4999173458237381,3.81228737727711
-0.49991724464648496,3.817766256342085
-0.499917156121758,3.823087601547912
-0.4999166794099782,3.8284599093096876
-0.49991642987478513,3.833833000591608
-0.4999162871358452,3.8390373125244035
-0.49991614053050343,3.844281546275618
-0.49991589101062767,3.8495258675816295
-0.49991544835708507,3.8545962472074153
-0.4999154528772356,3.859694865206122
-0.499915343038358,3.864793511713732
-0.4999151685760276,3.8697119669363356
-0.49991502407478705,3.874646016780966
-0.49991488576313947,3.879580504237892
-0.49991471303831925,3.8843285703894534
-0.4999145879648766,3.8890798365867654
-0.49991444584932854,3.8938320262270243
-0.499914239539985,3.898391488042186
-0.49991401870554486,3.9029428929701493
-0.49991406568014485,3.9074938141175517
-0.49991386199919147,3.9118474066646725
-0.49991368837704697,3.9161792002103546
-0.49991355125583614,3.9205096636605976
-0.4999133961809401,3.9246388646696984
-0.49991289278962137,3.9287317550826244
-0.4999127478314332,3.9327856128205263
-0.4999126511984193,3.936836572614864
-0.4999126243081821,3.9406756163625856
-0.4999123956807769,3.9444500484347387
-0.4999123441138328,3.948224519777024
-0.49991221182044315,3.9517802460050033
-0.49991184743546374,3.955261738787448
-0.49991157777436135,3.9587385654796137
-0.49991142978477227,3.961997987005803
-0.4999113329428711,3.965161389445425
-0.49991132098851626,3.968328400062533
-0.499911510611929,3.9712680984173376
-0.49991143787770004,3.974100353642452
-0.4999113503989165,3.9769329508309292
-0.49991088669563233,3.9795412333807985
-0.4999107558626239,3.9820210858752363
-0.49991076939540413,3.984506164819553
-0.4999105991180814,3.9867551172397837
-0.4999104810036116,3.9888716566238727
-0.49991038190442594,3.990980126347827
-0.4999102842985349,3.992864281419578
-0.4999102742341235,3.9945853287605777
-0.4999102086115898,3.9963133393312322
-0.4999101702379543,3.997800170490135
-0.4999100175235514,3.999121231153116
-0.499910077322429,4.000252405610344
-0.4999099797635617,4.0013912145259285
-0.49990991870668766,4.002287331065293
-0.49990989977920597,4.002980784185996
-0.49990983471291167,4.00367944158288
-0.49990980317724354,4.00413241799972
-0.49990981668056367,4.004370527570083
-0.4999098109643108,4.004607094361209
-0.4999117179913509,4.005169996888091
-0.499911693230186,4.0053687687747725
-0.49991294452783214,4.0052680247858605
-0.49991008778851975,4.0056239812992125
-0.4999013308512787,4.006960636440791
-0.49988564011068487,4.008765207596785
-0.49988289617944665,4.010795925665041
-0.4998808060370817,4.012883253653063
-0.49988609743491136,4.014923812096079
-0.4999297928351419,4.016900954160302
-0.49996724740503573,4.0188437115580795
-0.5000084477768506,4.020722652544821
-0.500086360821321,4.02252711610384
-0.500224844915054,4.024255977692765
-0.5003874070650088,4.025904940080897
-0.5005697538047676,4.0274765101823755
-0.5007676000706724,4.0289677008427125
-0.5009645603521973,4.030379378017473
-0.501159844937083,4.031691577154801
-0.5013641267993161,4.032902433116862
-0.5015757112440459,4.034024892726562
-0.5017922074366477,4.035060832397386
-0.5020087455308687,4.0360088849577345
-0.5022261456483949,4.036872308621602
-0.5024375262281043,4.0376471134188305
-0.5026450628355934,4.038337387909863
-0.5028418226927913,4.038939977843299
-0.5030187465085807,4.039451735059465
-0.5031838506497447,4.0398817594865895
-0.5033176717908866,4.040218681993134
-0.5034299884825912,4.0404714483151105
-0.5034999824924733,4.04063251310901
-0.5035387969437547,4.0407099512950335
-0.5035254505860228,4.040703077429166
-0.5034811261284636,4.040637122317565
-0.503402716357808,4.040537286855844
-0.5032987668339463,4.040426372783729
-0.5032168329904615,4.040385415372352
-0.503174289429795,4.0403672331907545
-0.5031364412662005,4.040343849433198
-0.5030907574371672,4.040315982085763
-0.5030489027617645,4.040240605145911
-0.5030249254913457,4.040193237723314
-0.5030163344312165,4.040161238576194
-0.5029764424406052,4.0401310315426
-0.5029085578748443,4.040101985016469
-0.5028198708688432,4.04006947236962
-0.5027680942311392,4.040036443893904
-0.5027133156313296,4.039994482318625
-0.502658811282641,4.0399707459370315
-0.5026020100350217,4.03996035402616
-0.5025452804617946,4.0399422568219725
-0.5024891133029996,4.039925170306474
-0.502431125300528,4.0399061634777755
-0.502376393192123,4.039880793652629
-0.5023142985992277,4.03985799603929
-0.5022325492279457,4.039830987912605
-0.5021637009871189,4.039815081447482
-0.502103205812359,4.039809809644472
-0.5019419630754315,4.039824543607111
-0.5016898672889136,4.039884716104994
-0.5013598199629895,4.039981640902383
-0.5009594643162705,4.04009669757355
-0.5004995078138852,4.040209017147748
-0.49998361550555603,4.040293791484554
-0.49941955907219987,4.0403555907369295
-0.49882506681049216,4.040392287879687
-0.49818014210708705,4.040406909792576
-0.49754076539245606,4.040404416778214
-0.49694329964914574,4.040293970993408
-0.4964778149385318,4.040153213467471
-0.4961105864993229,4.04006959800978
-0.49583194489560367,4.039957880575932
-0.4957991347932771,4.039899588828316
-0.4958539850592297,4.039929114149795
-0.496017353028609,4.039955466467938
-0.4964441496887907,4.039933091262309
-0.4969572626504653,4.039821163250302
-0.49761450388441236,4.039674442477034
-0.49852722897011587,4.039458214520575
-0.499524337709307,4.039207659653106
-0.5006344525421365,4.038919870962124
-0.5020052745488902,4.038551333723792
-0.5034520885553719,4.0381510941380725
-0.5048300381783087,4.037754871481122
-0.5066432740857894,4.0372263089218805
-0.5085350547029407,4.036666749425677
-0.510556257222143,4.036057680194355
-0.5128329087483433,4.03536601868027
-0.5151773000520219,4.034645967438144
-0.5177810449000214,4.033841036774039
-0.5204962545649713,4.033002388319328
-0.5234660480642134,4.03208456229274
-0.5264957914412606,4.031155993445751
-0.5296415991650607,4.030191273285716
-0.5330384155418374,4.029167506933635
-0.5365103470731569,4.028130234924689
-0.5400959546512187,4.027077681095579
-0.5439589034663017,4.0259632559169125
-0.5478984615352928,4.0248516849896605
-0.5519526736846073,4.023742129782472
-0.5562928027446786,4.022592904779046
-0.5607192824425729,4.021455565496693
-0.5652805451499086,4.020329468799518
-0.5701328353158144,4.019188705028927
-0.5750638440147542,4.018085501506362
-0.580139163865324,4.017011419473193
-0.5855157762189852,4.015948177683124
-0.5909717531599548,4.014940868952053
-0.5965741331969406,4.013987489976921
-0.6024893946240225,4.0130722667672485
-0.6084791363586425,4.012239562580786
-0.6145782335078551,4.011495048559368
-0.6208762383134006,4.010824218967334
-0.6270433724353776,4.010264773752105
-0.6332786933846705,4.009803912650716
-0.6392112562649095,4.009446374591787
-0.6451989513355177,4.009177645228168
-0.6512385437564384,4.009003925055113
-0.6570568293274879,4.008915221621006
-0.662921164671783,4.008903680088986
-0.6688596656936958,4.008957687528595
-0.6745521592383615,4.009070515630193
-0.6803162426387982,4.009245343038349
-0.686137422185817,4.009477620862329
-0.6917424353273461,4.009757945570199
-0.6974127715839858,4.010088688327964
-0.7031500581999196,4.010462659901379
-0.7086881770724976,4.010853944595797
-0.714305997707399,4.0112551804766525
-0.7199856315685028,4.0116924148581825
-0.7254866604960236,4.0121326035340195
-0.731085352134494,4.01258763210206
-0.736746544409197,4.013053061181333
-0.7422587902838734,4.013509127964266
-0.7478784881659547,4.013969026685956
-0.7535631353693126,4.014422567313757
-0.7591242352754498,4.01485444619541
-0.764799961850173,4.015272348829788
-0.7706078187444158,4.015678322906389
-0.7764823935062665,4.0160536960408795
-0.7822484602448136,4.016384081380936
-0.7881450194393032,4.01668521412679
-0.7940999750695483,4.016935856578379
-0.7999740167457746,4.0171354002058
-0.8059576915921984,4.017281233523226
-0.8119890488325285,4.017368374029067
-0.8178927759953126,4.017393478183554
-0.8237082008028173,4.017348557620028
-0.829476114548201,4.017238844357033
-0.8350820813409067,4.017077395281348
-0.8406220759144706,4.016863127755345
-0.8461919951707239,4.016607648242398
-0.8516318645188002,4.01632814515736
-0.857040137735669,4.016020708626297
-0.86250916913251,4.0156856599372786
-0.8677863235951282,4.015339040922027
-0.8730662835025175,4.014976907177989
-0.878295093884718,4.01459728162384
-0.8832957911421396,4.0142079343425126
-0.8882828622397422,4.013798560659505
-0.8932638627793806,4.0133669784092625
-0.8980191602552439,4.012935122265442
-0.9027587225376038,4.01249808155965
-0.907445721083009,4.012055235555898
-0.9121425539772527,4.011603689420088
-0.9166057979600292,4.011158789708386
-0.9210156457052159,4.010708744273084
-0.925423718556983,4.01024840273732
-0.9295984763572188,4.009799437954536
-0.9337088686038035,4.0093551126438305
-0.9378171710816591,4.008908406349383
-0.9416942653166107,4.008478377975715
-0.945491081108961,4.008054390659653
-0.9492901579582455,4.007626758749399
-0.9528521950469435,4.007216169008826
-0.9563252854108055,4.006815341755842
-0.9597954365877499,4.006414873144679
-0.9630328707613591,4.006035070456648
-0.9661674031397521,4.005668154438331
-0.9692975814120426,4.005301661607383
-0.9721966891628554,4.004955618867371
-0.9749731888722466,4.004624349931684
-0.9777500306642409,4.004294671665077
-0.9802938606431245,4.0039869798692145
-0.982700883031665,4.00369662659121
-0.9851071188407678,4.003408449394086
-0.987279159662128,4.0031421585544535
-0.9893009620226343,4.002894032592142
-0.9911659102522095,4.002662935161053
-0.993032276486717,4.00243399342783
-0.9946577538389364,4.002228060259064
-0.9961044841832117,4.002043885462672
-0.9975529300668725,4.001861788487888
-0.998762758258215,4.001702405688322
-0.9997739654485868,4.001566288951338
-1.0007923284439273,4.001431463597597
-1.0015625726391295,4.0013187973077615
-1.0042376648791973,4.0009218904555635
-1.006801041375401,4.0006173210992
-1.0093390224999774,4.000386118959203
-1.0112131564118105,4.0001551729264975
-1.013461126788115,3.9999405566423216
-1.0152266452658674,3.999810485174505
-1.0157973111177343,3.999709146904884
-1.0165013820728475,3.999682608005725
-1.0174656613898754,3.9996831983999637
-1.018239314872252,3.999677906013209
-1.0189431766358936,3.999688496456428
-1.0195462785830711,3.999705199006348
-1.020050521129747,3.999729910982974
-1.0204913209268827,3.9997838315775707
-1.020787502991053,3.9998592676692497
-1.0209911753832193,3.999932310817615
-1.0210872132394155,3.9999928475337385
-1.021126344906652,4.000040331548595
-1.0210674124616366,4.00007505286191
-1.0210478712085185,4.000100792484166
-1.0211693588746567,4.000112048533447
-1.0216747977531095,4.00009240014269
-1.0221911447908951,4.000071497538739
-1.0226227967112649,4.000053916624726
-1.0232623788306825,4.000031126430224
-1.0241327561163889,4.000004406892814
-1.0249623873696525,3.9999774836676867
-1.0259230374050585,3.9999500584664425
-1.0270976577432616,3.9999201973990903
-1.0282976311890988,3.999890776242589
-1.029633156592487,3.999861651265979
-1.031199184898478,3.9998326494317067
-1.0327813611967969,3.999804391516427
-1.034565607464757,3.999782533308577
-1.036557359210768,3.9997689626819337
-1.0386040248625352,3.999761994995708
-1.0408234046551446,3.999759552972775
-1.0432546369300837,3.999757157078595
-1.0456737854925429,3.9997496762011244
-1.0482403977511228,3.9997395764498207
-1.0510524008140876,3.999729354751696
-1.0540816616467905,3.999720906284459
-1.0571116557574873,3.9997165498738707
-1.0602460261509565,3.999718069123828
-1.0636011638274725,3.999722652808632
-1.066955061570526,3.999728625771232
-1.0703957462613258,3.999732756918013
-1.0740479363426019,3.999735862000521
-1.0777020079641326,3.9997396309984157
-1.0814221337033885,3.9997457544598873
-1.0853530436486096,3.9997543849985573
-1.0892849130440985,3.999764764475151
-1.093266147760701,3.999775012532138
-1.0974515267104854,3.999784605685354
-1.1016354075681016,3.999794016242206
-1.1058519748140225,3.999803518856478
-1.11026476860133,3.9998134084754975
-1.1146799751561762,3.999824441033772
-1.1191114773103739,3.999835700842373
-1.123733379964807,3.9998470560697728
-1.1283542664914818,3.999858046292962
-1.1329748483670135,3.999868831006184
-1.137780833049639,3.9998796882949694
-1.1425883054462722,3.9998902993796617
-1.147379235281296,3.9999008482512006
-1.1523462330930696,3.9999116315216185
-1.1574888766453173,3.9999223102312302
-1.1626317462620916,3.999932824118673
-1.167732130203537,3.999942374833912
-1.1729891875108416,3.999951729734478
-1.1782469780782752,3.9999605804994878
-1.1834492745716956,3.9999692297112945
-1.1888016345521397,3.9999773227569806
-1.1941570277132185,3.9999848687307464
-1.1994409026115398,3.999991747062006
-1.2048689598326268,3.999998309337154
-1.2102957440613058,4.000004444411562
-1.2156423238406489,4.000010141603587
-1.2211238663865636,4.000015519087538
-1.226602414605332,4.000020597182435
-1.2319927408226956,4.000025257715008
-1.237504884481903,4.00002959796216
-1.2430161427231456,4.000033549058019
-1.2484278379027733,4.000037048351083
-1.2539507863729336,4.000040296731802
-1.259475401466094,4.0000432877702625
-1.2648877055231054,4.00004578418296
-1.2704015814032144,4.000048014342041
-1.2759178261478579,4.000049918489871
-1.281533978784218,4.000051565186482
-1.2870190236707024,4.000052972189367
-1.2925867550565961,4.000053984529227
-1.2981531661248047,4.000054690559629
-1.3035748012747024,4.000055223351137
-1.3090664258918685,4.000055401219467
-1.3145579675024464,4.000055461628164
-1.3198961660433468,4.000055217317095
-1.3252930075944565,4.0000548917489835
-1.3306909699418847,4.00005447121929
-1.335926096659071,4.00005379469392
-1.3412087035844316,4.000053025531697
-1.3464910566122783,4.000052156040961
-1.3516048200690827,4.000051255045226
-1.356753163848855,4.000050179680278
-1.3619016446166166,4.000049129523066
-1.3668739266128582,4.000048056807679
-1.371868024537717,4.000046694156099
-1.37686225080156,4.000045351679651
-1.3816732886121055,4.000043939862238
-1.3864937223946507,4.0000425112091955
-1.3913132606281802,4.000040960591616
-1.3959440750272287,4.000039454702473
-1.400568903841785,4.000037942255732
-1.4051874364530665,4.000036381290199
-1.4098046343212458,4.0000348749303685
-1.4142147277257253,4.000033294473956
-1.4185958121570794,4.000031718004947
-1.4229765418779414,4.00003011584478
-1.4271440162887872,4.0000284350509565
-1.431267924441292,4.000026796591779
-1.435391687202443,4.000025114706971
-1.4392991860608326,4.00002364944774
-1.4431455156767086,4.000022124177956
-1.4469935945277037,4.000020641521274
-1.450619711831052,4.000019131025292
-1.4541729789160376,4.000017755683844
-1.4577220331002299,4.000016370059345
-1.4610515881883923,4.000015075089432
-1.464285602579919,4.000013875649295
-1.4675226348945243,4.000012588966006
-1.4705306828182438,4.0000114601831775
-1.4734301380250416,4.0000103246043315
-1.4763322072717648,4.000009243236617
-1.4789993210380203,4.000008167726339
-1.481546300728384,4.000007230622457
-1.4840870599336928,4.000006275620541
-1.4864008264856061,4.000005412441885
-1.4885658010596903,4.000004588710243
-1.4905895409038594,4.000003774495638
-1.4926055175154531,4.0000029390228855
-1.4943853404576235,4.000002234181654
-1.4959932581841082,4.0000015582336825
-1.4975971231287366,4.000000934977266
-1.4989650155160703,4.000000389768485
-1.5001367944870287,3.9999998990199512
-1.5013113420936515,3.9999994636831473
-1.5022431909252234,3.9999990335863607
-1.5029618184391214,3.999998775669033
-1.5036827389121041,3.9999985049970896
-1.504162206452196,3.9999983074365035
-1.5044098295562178,3.9999981306340877
-1.5046589480936394,3.999997700122074
-1.5046830557305506,3.999995035386773
-1.5046646078363834,3.9999892768868093
-1.5045726572315792,3.9999811352829395
-1.5051305336460759,3.9999769176008995
-1.5065897514806013,3.999979809306421
-1.508503622624555,3.999988556130624
-1.5106380153815386,4.000001123289203
-1.5128758441045254,4.000015777525646
-1.5151553959123882,4.00003130855947
-1.5174485198528747,4.000045505344444
-1.5197362405136012,4.0000588788804
-1.521987754836687,4.000071193154791
-1.5241840682789916,4.000083633212363
-1.526326913757885,4.000082898588987
-1.5283958833949556,4.0000474949260605
-1.5303966595858918,4.0000332938863155
-1.5323313761539648,4.000034467802459
-1.534196400935708,4.000063331198761
-1.5359927208519866,4.000102928730815
-1.5377138343895254,4.0001550217634785
-1.5393599700068907,4.000276504535507
-1.5409311683952562,4.0004727700841745
-1.5424258186099982,4.000692123487892
-1.5438345563052294,4.000925314832771
-1.5451424881916827,4.001162934113222
-1.5463695523915546,4.001375200717948
-1.5475128707901333,4.001594189214184
-1.5485769902310862,4.001822046949295
-1.5495564735048406,4.002054165429492
-1.5504521249910872,4.002285044266706
-1.5512569124587023,4.00251110935712
-1.5519768614279994,4.002732161482684
-1.5526071755798474,4.002942861087341
-1.5531489582468985,4.003139876679617
-1.5536011149043343,4.003319091821797
-1.5539650405847647,4.003472770373048
-1.554242269346653,4.0036030266524945
-1.5544419089603267,4.003700703841157
-1.5545789906832799,4.003775188138802
-1.554642035592417,4.003815170298937
-1.5546557405112644,4.0038158444130705
-1.5546684871741543,4.003798947113352
-1.5547222139833863,4.003801517647763
-1.554796334811793,4.003842169677038
-1.5548631618126332,4.003880515118408
-1.5548901351828757,4.003912918002795
-1.5549139478363432,4.003956704617342
-1.55495396220466,4.0040175228475405
-1.5549971998079415,4.004069010843258
-1.5550391580933762,4.004096825970775
-1.5550804656376787,4.004127313068627
-1.5551215359966049,4.004168462765861
-1.5551571637922847,4.004215207576729
-1.5551917753244873,4.004262065649918
-1.5552222361037775,4.004313229914683
-1.5552497820763331,4.004361268602293
-1.5552788247019649,4.00441127647549
-1.5553066656063486,4.0044625075621205
-1.555333575516588,4.004514140157031
-1.55535888171975,4.004565959764289
-1.555363734994845,4.004616959730587
-1.5553627382448851,4.004633530473184
-1.5553725723527985,4.004720459472049
-1.5553883230224586,4.004811947005002
-1.555407470131522,4.004759904690617
-1.5554638810811379,4.004595537512497
-1.5555492800387825,4.004362478662394
-1.5556739182311627,4.0040666383334855
-1.5557936699652417,4.00371351667292
-1.5558959919274968,4.0033048988961335
-1.5559831609063501,4.002851240372347
-1.556046049861516,4.002348355861915
-1.5560847174175927,4.001806271521872
-1.5561087758564625,4.001390916205417
-1.5560698814130447,4.000988101013073
-1.555992042579092,4.000561740693711
-1.5558727533152945,4.00019224856822
-1.5557884113459166,3.9999014709562983
-1.5557319158944571,3.999694492228926
-1.555628220342594,3.9997156529274136
-1.5555952113813964,3.999822824204237
-1.5556070720711543,4.000039711387494
-1.5555419241477226,4.000521769931458
-1.5554327898807216,4.001082326843929
-1.5552840236158527,4.001796355320332
-1.555067178464683,4.002773434945628
-1.5547793895385367,4.004014222263347
-1.5544644411703261,4.005326737703476
-1.5541071024382227,4.00675921707927
-1.5536763459017728,4.008449474275205
-1.5532108049006526,4.010217742307505
-1.5527025573128164,4.012109358481284
-1.5521205269287484,4.014251781599961
-1.5515124458406173,4.016462482984022
-1.5508647050456124,4.018794937615796
-1.5501413880514736,4.021387569209617
-1.5493962409426782,4.024050172655983
-1.5486167514075533,4.026836200264059
-1.5477663382232303,4.029890161455525
-1.5469039704541498,4.03301204398384
-1.5460172643145338,4.036260475356459
-1.5450715930005838,4.039782865828726
-1.5441225322851113,4.043376813235271
-1.5431656790524315,4.047098149067049
-1.5421616567247693,4.051106515361739
-1.5411718273985011,4.055182229205557
-1.540176741459627,4.059406634152183
-1.539156645669821,4.063925039287596
-1.538168886961219,4.068508559751896
-1.5371678099316348,4.073397826437413
-1.5361940588823715,4.078435609585653
-1.5352286084098687,4.083778363840818
-1.5343232703510439,4.089179348524363
-1.5334793143803436,4.0946636007323525
-1.532676241131595,4.100267609509283
-1.531957963154532,4.105762439203249
-1.5313191228194705,4.111097880359521
-1.5307300051304789,4.116510554829411
-1.5302107707362982,4.12198891124528
-1.5297532243179088,4.1273208639030825
-1.5293471270237844,4.132769798567242
-1.5290023999652482,4.138278408749753
-1.5287089241384761,4.143649173761382
-1.5284526668279204,4.149143196415642
-1.5282356662234384,4.154694828983581
-1.5280556496241027,4.160121522592607
-1.5279016255334643,4.16566117867004
-1.5277732049413362,4.171267734941003
-1.5276674311663698,4.176751849053631
-1.5275755858559819,4.18236697294942
-1.5274952146052403,4.188043364605683
-1.5274228848847322,4.193604687520914
-1.52735142074489,4.199298402425484
-1.5272770789922145,4.205140379043837
-1.5271952144064236,4.211050637548778
-1.5271030180218097,4.216851776270702
-1.5269939955899992,4.22279528786452
-1.5268631565429356,4.22880704977945
-1.526709480869051,4.234724508594311
-1.526524680162584,4.240785376036414
-1.5263021673133272,4.246871909796151
-1.5260471137289697,4.252844324858877
-1.5257474670594107,4.258819617901489
-1.525405458130638,4.264712939770158
-1.5250397379700422,4.27044923712694
-1.5246397796928886,4.276269582181663
-1.5242152849821882,4.282131931792702
-1.523783032904752,4.2878433497690125
-1.5233311425906304,4.293635899846943
-1.5228682150892883,4.299422820158968
-1.5224104755911343,4.304994567073538
-1.5219369049824683,4.310608412029445
-1.5214461517381017,4.31624850464977
-1.520950887501772,4.321694813548527
-1.5204324533560396,4.327174998255504
-1.5198987465458447,4.332665381065316
-1.5193718664342135,4.337968052400635
-1.518833481241609,4.343301547799929
-1.5182847681587837,4.348664854893892
-1.517726474202492,4.354028576536281
-1.5171785627603576,4.359194699135588
-1.5166189956756808,4.364370997759424
-1.516050665504451,4.3695460134485655
-1.5154973950999449,4.374520486404483
-1.514939185506247,4.379494117889234
-1.5143755906663394,4.384466986924699
-1.5138305256257565,4.389236638003971
-1.5132808756504357,4.393993722948307
-1.5127266440774085,4.398750705072019
-1.5121921579898754,4.403301075574241
-1.5116569338029897,4.407827181446808
-1.5111190698821815,4.4123530917816405
-1.5106032888670136,4.4166683638961155
-1.5100897596740794,4.420948603151647
-1.5095738592526413,4.42522896434042
-1.5090812183956521,4.429295027246658
-1.508592990882861,4.433314404606556
-1.5081030790450074,4.437330447725594
-1.5076385394653027,4.441133535510306
-1.5071805834980923,4.444873951656555
-1.5067216308552318,4.448611360217346
-1.50628870069071,4.452133866126823
-1.5058644748855563,4.455579541571813
-1.5054495601120947,4.4589421807418
-1.5050343570883546,4.462307559701001
-1.5046468706165936,4.465441390159686
-1.5042717338754283,4.468478588587731
-1.5038964345620656,4.471510533532284
-1.5035491551856328,4.474316920904472
-1.5032162054851463,4.477005191337439
-1.5028830895597423,4.479692181213712
-1.5025784262907202,4.482151120821616
-1.5022900386745162,4.484475576868692
-1.5020016506397014,4.486799985109719
-1.5017417230781598,4.4888943269711215
-1.501500117764035,4.490839179402343
-1.501258311519259,4.49278355052229
-1.5010453163094435,4.49449520135075
-1.5008524124046563,4.4960433449695225
-1.5006592785986304,4.497591874474349
-1.5004952385458135,4.498902329344459
-1.5003530898498187,4.500038110739778
-1.5002110519866407,4.501166920768392
-1.5000974196146277,4.502068363896726
-1.5000087392153405,4.502766956078415
-1.4999196452885648,4.503465209903759
-1.4998589532904534,4.50393521007073
-1.4995101224299336,4.506355968936743
-1.4991815246926072,4.508829002179299
